param,value,task,seed,decay_time,hab_ratio,total_spikes,false_spike_rate,final_err,convergence,final_pos
lambda,0.1,A,0,0.0,1.0,0,,,,
lambda,0.1,A,1,0.0,1.0,0,,,,
lambda,0.1,A,2,0.0,1.0,0,,,,
lambda,0.1,A,3,0.0,1.0,0,,,,
lambda,0.1,A,4,0.0,1.0,0,,,,
lambda,0.1,A,5,0.0,1.0,0,,,,
lambda,0.1,A,6,0.0,1.0,0,,,,
lambda,0.1,A,7,0.0,1.0,0,,,,
lambda,0.1,A,8,0.0,1.0,0,,,,
lambda,0.1,A,9,0.0,1.0,0,,,,
lambda,0.1,A,10,0.0,1.0,0,,,,
lambda,0.1,A,11,0.0,1.0,0,,,,
lambda,0.1,A,12,0.0,1.0,0,,,,
lambda,0.1,A,13,0.0,1.0,0,,,,
lambda,0.1,A,14,0.0,1.0,0,,,,
lambda,0.1,A,15,0.0,1.0,0,,,,
lambda,0.1,A,16,0.0,1.0,0,,,,
lambda,0.1,A,17,0.0,1.0,0,,,,
lambda,0.1,A,18,0.0,1.0,0,,,,
lambda,0.1,A,19,0.0,1.0,0,,,,
lambda,0.1,B,0,,,10,0.2,,,
lambda,0.1,B,1,,,7,0.125,,,
lambda,0.1,B,2,,,9,0.15,,,
lambda,0.1,B,3,,,9,0.175,,,
lambda,0.1,B,4,,,12,0.2,,,
lambda,0.1,B,5,,,10,0.175,,,
lambda,0.1,B,6,,,13,0.225,,,
lambda,0.1,B,7,,,13,0.25,,,
lambda,0.1,B,8,,,12,0.225,,,
lambda,0.1,B,9,,,8,0.125,,,
lambda,0.1,B,10,,,8,0.125,,,
lambda,0.1,B,11,,,9,0.175,,,
lambda,0.1,B,12,,,8,0.1,,,
lambda,0.1,B,13,,,9,0.15,,,
lambda,0.1,B,14,,,12,0.225,,,
lambda,0.1,B,15,,,15,0.275,,,
lambda,0.1,B,16,,,13,0.25,,,
lambda,0.1,B,17,,,8,0.15,,,
lambda,0.1,B,18,,,11,0.175,,,
lambda,0.1,B,19,,,9,0.175,,,
lambda,0.1,C,0,,,18,,5.999999999999972,15.0,85.99999999999997
lambda,0.1,C,1,,,18,,5.999999999999972,15.0,85.99999999999997
lambda,0.1,C,2,,,18,,5.999999999999972,15.0,85.99999999999997
lambda,0.1,C,3,,,18,,5.999999999999972,15.0,85.99999999999997
lambda,0.1,C,4,,,18,,5.999999999999972,15.0,85.99999999999997
lambda,0.1,C,5,,,18,,5.999999999999972,15.0,85.99999999999997
lambda,0.1,C,6,,,18,,5.999999999999972,15.0,85.99999999999997
lambda,0.1,C,7,,,18,,5.999999999999972,15.0,85.99999999999997
lambda,0.1,C,8,,,18,,5.999999999999972,15.0,85.99999999999997
lambda,0.1,C,9,,,18,,5.999999999999972,15.0,85.99999999999997
lambda,0.1,C,10,,,18,,5.999999999999972,15.0,85.99999999999997
lambda,0.1,C,11,,,18,,5.999999999999972,15.0,85.99999999999997
lambda,0.1,C,12,,,18,,5.999999999999972,15.0,85.99999999999997
lambda,0.1,C,13,,,18,,5.999999999999972,15.0,85.99999999999997
lambda,0.1,C,14,,,18,,5.999999999999972,15.0,85.99999999999997
lambda,0.1,C,15,,,18,,5.999999999999972,15.0,85.99999999999997
lambda,0.1,C,16,,,18,,5.999999999999972,15.0,85.99999999999997
lambda,0.1,C,17,,,18,,5.999999999999972,15.0,85.99999999999997
lambda,0.1,C,18,,,18,,5.999999999999972,15.0,85.99999999999997
lambda,0.1,C,19,,,18,,5.999999999999972,15.0,85.99999999999997
lambda,0.1,D,0,,,24,,17.999999840826746,105.0,97.99999984082675
lambda,0.1,D,1,,,19,,7.272738371143447,203.0,87.27273837114345
lambda,0.1,D,2,,,21,,11.99738712420752,157.0,91.99738712420752
lambda,0.1,D,3,,,20,,9.979278334579732,180.0,89.97927833457973
lambda,0.1,D,4,,,23,,15.992728895437267,127.0,95.99272889543727
lambda,0.1,D,5,,,21,,11.999997855911005,150.0,91.999997855911
lambda,0.1,D,6,,,21,,11.997382079629219,154.0,91.99738207962922
lambda,0.1,D,7,,,20,,9.966407679998625,119.0,89.96640767999862
lambda,0.1,D,8,,,23,,15.99999999999963,95.0,95.99999999999963
lambda,0.1,D,9,,,19,,7.567984184558767,173.0,87.56798418455877
lambda,0.1,D,10,,,23,,15.740799899692462,138.0,95.74079989969246
lambda,0.1,D,11,,,16,,1.9956407372168314,225.0,81.99564073721683
lambda,0.1,D,12,,,22,,13.943806171985713,136.0,93.94380617198571
lambda,0.1,D,13,,,3,,24.00000000020794,250.0,55.99999999979206
lambda,0.1,D,14,,,22,,13.906114301239697,154.0,93.9061143012397
lambda,0.1,D,15,,,17,,3.992734582117052,191.0,83.99273458211705
lambda,0.1,D,16,,,19,,8.0,140.0,88.0
lambda,0.1,D,17,,,25,,19.987906764590775,102.0,99.98790676459078
lambda,0.1,D,18,,,24,,17.987703644678618,110.0,97.98770364467862
lambda,0.1,D,19,,,8,,14.007594916483711,250.0,65.99240508351629
lambda,0.2,A,0,0.0,1.0,0,,,,
lambda,0.2,A,1,0.0,1.0,0,,,,
lambda,0.2,A,2,0.0,1.0,0,,,,
lambda,0.2,A,3,0.0,1.0,0,,,,
lambda,0.2,A,4,0.0,1.0,0,,,,
lambda,0.2,A,5,0.0,1.0,0,,,,
lambda,0.2,A,6,0.0,1.0,0,,,,
lambda,0.2,A,7,0.0,1.0,0,,,,
lambda,0.2,A,8,0.0,1.0,0,,,,
lambda,0.2,A,9,0.0,1.0,0,,,,
lambda,0.2,A,10,0.0,1.0,0,,,,
lambda,0.2,A,11,0.0,1.0,0,,,,
lambda,0.2,A,12,0.0,1.0,0,,,,
lambda,0.2,A,13,0.0,1.0,0,,,,
lambda,0.2,A,14,0.0,1.0,0,,,,
lambda,0.2,A,15,0.0,1.0,0,,,,
lambda,0.2,A,16,0.0,1.0,0,,,,
lambda,0.2,A,17,0.0,1.0,0,,,,
lambda,0.2,A,18,0.0,1.0,0,,,,
lambda,0.2,A,19,0.0,1.0,0,,,,
lambda,0.2,B,0,,,10,0.2,,,
lambda,0.2,B,1,,,7,0.125,,,
lambda,0.2,B,2,,,9,0.15,,,
lambda,0.2,B,3,,,9,0.175,,,
lambda,0.2,B,4,,,13,0.225,,,
lambda,0.2,B,5,,,10,0.175,,,
lambda,0.2,B,6,,,13,0.225,,,
lambda,0.2,B,7,,,13,0.25,,,
lambda,0.2,B,8,,,12,0.225,,,
lambda,0.2,B,9,,,8,0.125,,,
lambda,0.2,B,10,,,8,0.125,,,
lambda,0.2,B,11,,,9,0.175,,,
lambda,0.2,B,12,,,9,0.125,,,
lambda,0.2,B,13,,,9,0.15,,,
lambda,0.2,B,14,,,12,0.225,,,
lambda,0.2,B,15,,,15,0.275,,,
lambda,0.2,B,16,,,13,0.25,,,
lambda,0.2,B,17,,,8,0.15,,,
lambda,0.2,B,18,,,11,0.175,,,
lambda,0.2,B,19,,,9,0.175,,,
lambda,0.2,C,0,,,18,,5.999999999999972,15.0,85.99999999999997
lambda,0.2,C,1,,,18,,5.999999999999972,15.0,85.99999999999997
lambda,0.2,C,2,,,18,,5.999999999999972,15.0,85.99999999999997
lambda,0.2,C,3,,,18,,5.999999999999972,15.0,85.99999999999997
lambda,0.2,C,4,,,18,,5.999999999999972,15.0,85.99999999999997
lambda,0.2,C,5,,,18,,5.999999999999972,15.0,85.99999999999997
lambda,0.2,C,6,,,18,,5.999999999999972,15.0,85.99999999999997
lambda,0.2,C,7,,,18,,5.999999999999972,15.0,85.99999999999997
lambda,0.2,C,8,,,18,,5.999999999999972,15.0,85.99999999999997
lambda,0.2,C,9,,,18,,5.999999999999972,15.0,85.99999999999997
lambda,0.2,C,10,,,18,,5.999999999999972,15.0,85.99999999999997
lambda,0.2,C,11,,,18,,5.999999999999972,15.0,85.99999999999997
lambda,0.2,C,12,,,18,,5.999999999999972,15.0,85.99999999999997
lambda,0.2,C,13,,,18,,5.999999999999972,15.0,85.99999999999997
lambda,0.2,C,14,,,18,,5.999999999999972,15.0,85.99999999999997
lambda,0.2,C,15,,,18,,5.999999999999972,15.0,85.99999999999997
lambda,0.2,C,16,,,18,,5.999999999999972,15.0,85.99999999999997
lambda,0.2,C,17,,,18,,5.999999999999972,15.0,85.99999999999997
lambda,0.2,C,18,,,18,,5.999999999999972,15.0,85.99999999999997
lambda,0.2,C,19,,,18,,5.999999999999972,15.0,85.99999999999997
lambda,0.2,D,0,,,24,,17.999999840826746,105.0,97.99999984082675
lambda,0.2,D,1,,,19,,7.272738371143447,203.0,87.27273837114345
lambda,0.2,D,2,,,21,,11.99738712420752,157.0,91.99738712420752
lambda,0.2,D,3,,,20,,9.979278334579732,180.0,89.97927833457973
lambda,0.2,D,4,,,23,,15.992728895437267,127.0,95.99272889543727
lambda,0.2,D,5,,,21,,11.999997855911005,150.0,91.999997855911
lambda,0.2,D,6,,,21,,11.997382079629219,154.0,91.99738207962922
lambda,0.2,D,7,,,20,,9.966407679998625,119.0,89.96640767999862
lambda,0.2,D,8,,,23,,15.99999999999963,95.0,95.99999999999963
lambda,0.2,D,9,,,19,,7.567984184558767,173.0,87.56798418455877
lambda,0.2,D,10,,,23,,15.740799899692462,138.0,95.74079989969246
lambda,0.2,D,11,,,16,,1.9956407372168314,225.0,81.99564073721683
lambda,0.2,D,12,,,22,,13.943806171985713,136.0,93.94380617198571
lambda,0.2,D,13,,,3,,24.00000000020794,250.0,55.99999999979206
lambda,0.2,D,14,,,22,,13.906114301239697,154.0,93.9061143012397
lambda,0.2,D,15,,,17,,3.992734582117052,191.0,83.99273458211705
lambda,0.2,D,16,,,19,,8.0,140.0,88.0
lambda,0.2,D,17,,,25,,19.987906764590775,102.0,99.98790676459078
lambda,0.2,D,18,,,24,,17.987703644678618,110.0,97.98770364467862
lambda,0.2,D,19,,,8,,14.007594916483711,250.0,65.99240508351629
lambda,0.3,A,0,0.0,1.0,0,,,,
lambda,0.3,A,1,0.0,1.0,0,,,,
lambda,0.3,A,2,0.0,1.0,0,,,,
lambda,0.3,A,3,0.0,1.0,0,,,,
lambda,0.3,A,4,0.0,1.0,0,,,,
lambda,0.3,A,5,0.0,1.0,0,,,,
lambda,0.3,A,6,0.0,1.0,0,,,,
lambda,0.3,A,7,0.0,1.0,0,,,,
lambda,0.3,A,8,0.0,1.0,0,,,,
lambda,0.3,A,9,0.0,1.0,0,,,,
lambda,0.3,A,10,0.0,1.0,0,,,,
lambda,0.3,A,11,0.0,1.0,0,,,,
lambda,0.3,A,12,0.0,1.0,0,,,,
lambda,0.3,A,13,0.0,1.0,0,,,,
lambda,0.3,A,14,0.0,1.0,0,,,,
lambda,0.3,A,15,0.0,1.0,0,,,,
lambda,0.3,A,16,0.0,1.0,0,,,,
lambda,0.3,A,17,0.0,1.0,0,,,,
lambda,0.3,A,18,0.0,1.0,0,,,,
lambda,0.3,A,19,0.0,1.0,0,,,,
lambda,0.3,B,0,,,11,0.2,,,
lambda,0.3,B,1,,,8,0.15,,,
lambda,0.3,B,2,,,9,0.15,,,
lambda,0.3,B,3,,,9,0.175,,,
lambda,0.3,B,4,,,13,0.225,,,
lambda,0.3,B,5,,,10,0.175,,,
lambda,0.3,B,6,,,13,0.225,,,
lambda,0.3,B,7,,,13,0.25,,,
lambda,0.3,B,8,,,12,0.225,,,
lambda,0.3,B,9,,,8,0.125,,,
lambda,0.3,B,10,,,8,0.125,,,
lambda,0.3,B,11,,,9,0.175,,,
lambda,0.3,B,12,,,9,0.125,,,
lambda,0.3,B,13,,,10,0.175,,,
lambda,0.3,B,14,,,12,0.225,,,
lambda,0.3,B,15,,,15,0.275,,,
lambda,0.3,B,16,,,13,0.25,,,
lambda,0.3,B,17,,,8,0.15,,,
lambda,0.3,B,18,,,12,0.2,,,
lambda,0.3,B,19,,,9,0.175,,,
lambda,0.3,C,0,,,18,,5.999999999999972,15.0,85.99999999999997
lambda,0.3,C,1,,,18,,5.999999999999972,15.0,85.99999999999997
lambda,0.3,C,2,,,18,,5.999999999999972,15.0,85.99999999999997
lambda,0.3,C,3,,,18,,5.999999999999972,15.0,85.99999999999997
lambda,0.3,C,4,,,18,,5.999999999999972,15.0,85.99999999999997
lambda,0.3,C,5,,,18,,5.999999999999972,15.0,85.99999999999997
lambda,0.3,C,6,,,18,,5.999999999999972,15.0,85.99999999999997
lambda,0.3,C,7,,,18,,5.999999999999972,15.0,85.99999999999997
lambda,0.3,C,8,,,18,,5.999999999999972,15.0,85.99999999999997
lambda,0.3,C,9,,,18,,5.999999999999972,15.0,85.99999999999997
lambda,0.3,C,10,,,18,,5.999999999999972,15.0,85.99999999999997
lambda,0.3,C,11,,,18,,5.999999999999972,15.0,85.99999999999997
lambda,0.3,C,12,,,18,,5.999999999999972,15.0,85.99999999999997
lambda,0.3,C,13,,,18,,5.999999999999972,15.0,85.99999999999997
lambda,0.3,C,14,,,18,,5.999999999999972,15.0,85.99999999999997
lambda,0.3,C,15,,,18,,5.999999999999972,15.0,85.99999999999997
lambda,0.3,C,16,,,18,,5.999999999999972,15.0,85.99999999999997
lambda,0.3,C,17,,,18,,5.999999999999972,15.0,85.99999999999997
lambda,0.3,C,18,,,18,,5.999999999999972,15.0,85.99999999999997
lambda,0.3,C,19,,,18,,5.999999999999972,15.0,85.99999999999997
lambda,0.3,D,0,,,24,,17.999999840826746,105.0,97.99999984082675
lambda,0.3,D,1,,,19,,7.272738371143447,203.0,87.27273837114345
lambda,0.3,D,2,,,21,,11.99738712420752,157.0,91.99738712420752
lambda,0.3,D,3,,,20,,9.979278334579732,180.0,89.97927833457973
lambda,0.3,D,4,,,23,,15.992728895437267,127.0,95.99272889543727
lambda,0.3,D,5,,,21,,11.999997855911005,150.0,91.999997855911
lambda,0.3,D,6,,,21,,11.997382079629219,154.0,91.99738207962922
lambda,0.3,D,7,,,20,,9.966407679998625,119.0,89.96640767999862
lambda,0.3,D,8,,,23,,15.99999999999963,95.0,95.99999999999963
lambda,0.3,D,9,,,19,,7.567984184558767,173.0,87.56798418455877
lambda,0.3,D,10,,,23,,15.740799899692462,138.0,95.74079989969246
lambda,0.3,D,11,,,16,,1.9956407372168314,225.0,81.99564073721683
lambda,0.3,D,12,,,22,,13.943806171985713,136.0,93.94380617198571
lambda,0.3,D,13,,,3,,24.00000000020794,250.0,55.99999999979206
lambda,0.3,D,14,,,22,,13.906114301239697,154.0,93.9061143012397
lambda,0.3,D,15,,,17,,3.992734582117052,191.0,83.99273458211705
lambda,0.3,D,16,,,19,,8.0,140.0,88.0
lambda,0.3,D,17,,,25,,19.987906764590775,102.0,99.98790676459078
lambda,0.3,D,18,,,24,,17.987703644678618,110.0,97.98770364467862
lambda,0.3,D,19,,,8,,14.007594916483711,250.0,65.99240508351629
lambda,0.4,A,0,3.0,0.0,1,,,,
lambda,0.4,A,1,3.0,0.0,1,,,,
lambda,0.4,A,2,3.0,0.0,1,,,,
lambda,0.4,A,3,3.0,0.0,1,,,,
lambda,0.4,A,4,3.0,0.0,1,,,,
lambda,0.4,A,5,3.0,0.0,1,,,,
lambda,0.4,A,6,3.0,0.0,1,,,,
lambda,0.4,A,7,3.0,0.0,1,,,,
lambda,0.4,A,8,3.0,0.0,1,,,,
lambda,0.4,A,9,3.0,0.0,1,,,,
lambda,0.4,A,10,3.0,0.0,1,,,,
lambda,0.4,A,11,3.0,0.0,1,,,,
lambda,0.4,A,12,3.0,0.0,1,,,,
lambda,0.4,A,13,3.0,0.0,1,,,,
lambda,0.4,A,14,3.0,0.0,1,,,,
lambda,0.4,A,15,3.0,0.0,1,,,,
lambda,0.4,A,16,3.0,0.0,1,,,,
lambda,0.4,A,17,3.0,0.0,1,,,,
lambda,0.4,A,18,3.0,0.0,1,,,,
lambda,0.4,A,19,3.0,0.0,1,,,,
lambda,0.4,B,0,,,11,0.2,,,
lambda,0.4,B,1,,,8,0.15,,,
lambda,0.4,B,2,,,9,0.15,,,
lambda,0.4,B,3,,,9,0.175,,,
lambda,0.4,B,4,,,13,0.225,,,
lambda,0.4,B,5,,,10,0.175,,,
lambda,0.4,B,6,,,13,0.225,,,
lambda,0.4,B,7,,,13,0.25,,,
lambda,0.4,B,8,,,12,0.225,,,
lambda,0.4,B,9,,,8,0.125,,,
lambda,0.4,B,10,,,10,0.175,,,
lambda,0.4,B,11,,,9,0.175,,,
lambda,0.4,B,12,,,9,0.125,,,
lambda,0.4,B,13,,,10,0.175,,,
lambda,0.4,B,14,,,13,0.25,,,
lambda,0.4,B,15,,,15,0.275,,,
lambda,0.4,B,16,,,13,0.25,,,
lambda,0.4,B,17,,,8,0.15,,,
lambda,0.4,B,18,,,12,0.2,,,
lambda,0.4,B,19,,,9,0.175,,,
lambda,0.4,C,0,,,18,,5.999999999999972,15.0,85.99999999999997
lambda,0.4,C,1,,,18,,5.999999999999972,15.0,85.99999999999997
lambda,0.4,C,2,,,18,,5.999999999999972,15.0,85.99999999999997
lambda,0.4,C,3,,,18,,5.999999999999972,15.0,85.99999999999997
lambda,0.4,C,4,,,18,,5.999999999999972,15.0,85.99999999999997
lambda,0.4,C,5,,,18,,5.999999999999972,15.0,85.99999999999997
lambda,0.4,C,6,,,18,,5.999999999999972,15.0,85.99999999999997
lambda,0.4,C,7,,,18,,5.999999999999972,15.0,85.99999999999997
lambda,0.4,C,8,,,18,,5.999999999999972,15.0,85.99999999999997
lambda,0.4,C,9,,,18,,5.999999999999972,15.0,85.99999999999997
lambda,0.4,C,10,,,18,,5.999999999999972,15.0,85.99999999999997
lambda,0.4,C,11,,,18,,5.999999999999972,15.0,85.99999999999997
lambda,0.4,C,12,,,18,,5.999999999999972,15.0,85.99999999999997
lambda,0.4,C,13,,,18,,5.999999999999972,15.0,85.99999999999997
lambda,0.4,C,14,,,18,,5.999999999999972,15.0,85.99999999999997
lambda,0.4,C,15,,,18,,5.999999999999972,15.0,85.99999999999997
lambda,0.4,C,16,,,18,,5.999999999999972,15.0,85.99999999999997
lambda,0.4,C,17,,,18,,5.999999999999972,15.0,85.99999999999997
lambda,0.4,C,18,,,18,,5.999999999999972,15.0,85.99999999999997
lambda,0.4,C,19,,,18,,5.999999999999972,15.0,85.99999999999997
lambda,0.4,D,0,,,24,,17.999999840826746,105.0,97.99999984082675
lambda,0.4,D,1,,,19,,7.272738371143447,203.0,87.27273837114345
lambda,0.4,D,2,,,21,,11.99738712420752,157.0,91.99738712420752
lambda,0.4,D,3,,,20,,9.979278334579732,180.0,89.97927833457973
lambda,0.4,D,4,,,21,,11.992728895437338,172.0,91.99272889543734
lambda,0.4,D,5,,,21,,11.999997855911005,150.0,91.999997855911
lambda,0.4,D,6,,,21,,11.997382079629219,154.0,91.99738207962922
lambda,0.4,D,7,,,20,,9.966407679998625,119.0,89.96640767999862
lambda,0.4,D,8,,,24,,17.999999997326213,95.0,97.99999999732621
lambda,0.4,D,9,,,19,,7.567984184558767,173.0,87.56798418455877
lambda,0.4,D,10,,,23,,15.740799899692462,138.0,95.74079989969246
lambda,0.4,D,11,,,16,,1.9956407372168314,225.0,81.99564073721683
lambda,0.4,D,12,,,22,,13.943806171985713,136.0,93.94380617198571
lambda,0.4,D,13,,,3,,24.00000000020794,250.0,55.99999999979206
lambda,0.4,D,14,,,22,,13.906114301239697,154.0,93.9061143012397
lambda,0.4,D,15,,,17,,3.992734582117052,191.0,83.99273458211705
lambda,0.4,D,16,,,19,,8.0,140.0,88.0
lambda,0.4,D,17,,,25,,19.987906764590775,102.0,99.98790676459078
lambda,0.4,D,18,,,24,,17.987703644678618,110.0,97.98770364467862
lambda,0.4,D,19,,,8,,14.007594916483711,250.0,65.99240508351629
lambda,0.5,A,0,3.0,0.0,1,,,,
lambda,0.5,A,1,3.0,0.0,1,,,,
lambda,0.5,A,2,3.0,0.0,1,,,,
lambda,0.5,A,3,3.0,0.0,1,,,,
lambda,0.5,A,4,3.0,0.0,1,,,,
lambda,0.5,A,5,3.0,0.0,1,,,,
lambda,0.5,A,6,3.0,0.0,1,,,,
lambda,0.5,A,7,3.0,0.0,1,,,,
lambda,0.5,A,8,3.0,0.0,1,,,,
lambda,0.5,A,9,3.0,0.0,1,,,,
lambda,0.5,A,10,3.0,0.0,1,,,,
lambda,0.5,A,11,3.0,0.0,1,,,,
lambda,0.5,A,12,3.0,0.0,1,,,,
lambda,0.5,A,13,3.0,0.0,1,,,,
lambda,0.5,A,14,3.0,0.0,1,,,,
lambda,0.5,A,15,3.0,0.0,1,,,,
lambda,0.5,A,16,3.0,0.0,1,,,,
lambda,0.5,A,17,3.0,0.0,1,,,,
lambda,0.5,A,18,3.0,0.0,1,,,,
lambda,0.5,A,19,3.0,0.0,1,,,,
lambda,0.5,B,0,,,11,0.2,,,
lambda,0.5,B,1,,,8,0.15,,,
lambda,0.5,B,2,,,9,0.15,,,
lambda,0.5,B,3,,,9,0.175,,,
lambda,0.5,B,4,,,13,0.225,,,
lambda,0.5,B,5,,,10,0.175,,,
lambda,0.5,B,6,,,13,0.225,,,
lambda,0.5,B,7,,,13,0.25,,,
lambda,0.5,B,8,,,12,0.225,,,
lambda,0.5,B,9,,,8,0.125,,,
lambda,0.5,B,10,,,10,0.175,,,
lambda,0.5,B,11,,,9,0.175,,,
lambda,0.5,B,12,,,10,0.15,,,
lambda,0.5,B,13,,,11,0.2,,,
lambda,0.5,B,14,,,13,0.25,,,
lambda,0.5,B,15,,,15,0.275,,,
lambda,0.5,B,16,,,13,0.25,,,
lambda,0.5,B,17,,,8,0.15,,,
lambda,0.5,B,18,,,12,0.2,,,
lambda,0.5,B,19,,,9,0.175,,,
lambda,0.5,C,0,,,18,,5.999999999999972,15.0,85.99999999999997
lambda,0.5,C,1,,,18,,5.999999999999972,15.0,85.99999999999997
lambda,0.5,C,2,,,18,,5.999999999999972,15.0,85.99999999999997
lambda,0.5,C,3,,,18,,5.999999999999972,15.0,85.99999999999997
lambda,0.5,C,4,,,18,,5.999999999999972,15.0,85.99999999999997
lambda,0.5,C,5,,,18,,5.999999999999972,15.0,85.99999999999997
lambda,0.5,C,6,,,18,,5.999999999999972,15.0,85.99999999999997
lambda,0.5,C,7,,,18,,5.999999999999972,15.0,85.99999999999997
lambda,0.5,C,8,,,18,,5.999999999999972,15.0,85.99999999999997
lambda,0.5,C,9,,,18,,5.999999999999972,15.0,85.99999999999997
lambda,0.5,C,10,,,18,,5.999999999999972,15.0,85.99999999999997
lambda,0.5,C,11,,,18,,5.999999999999972,15.0,85.99999999999997
lambda,0.5,C,12,,,18,,5.999999999999972,15.0,85.99999999999997
lambda,0.5,C,13,,,18,,5.999999999999972,15.0,85.99999999999997
lambda,0.5,C,14,,,18,,5.999999999999972,15.0,85.99999999999997
lambda,0.5,C,15,,,18,,5.999999999999972,15.0,85.99999999999997
lambda,0.5,C,16,,,18,,5.999999999999972,15.0,85.99999999999997
lambda,0.5,C,17,,,18,,5.999999999999972,15.0,85.99999999999997
lambda,0.5,C,18,,,18,,5.999999999999972,15.0,85.99999999999997
lambda,0.5,C,19,,,18,,5.999999999999972,15.0,85.99999999999997
lambda,0.5,D,0,,,24,,17.999999840826746,105.0,97.99999984082675
lambda,0.5,D,1,,,19,,7.272738371143447,203.0,87.27273837114345
lambda,0.5,D,2,,,21,,11.99738712420752,157.0,91.99738712420752
lambda,0.5,D,3,,,20,,9.979278334579732,180.0,89.97927833457973
lambda,0.5,D,4,,,21,,11.992728895437338,172.0,91.99272889543734
lambda,0.5,D,5,,,21,,11.999997855911005,150.0,91.999997855911
lambda,0.5,D,6,,,21,,11.997382079629219,154.0,91.99738207962922
lambda,0.5,D,7,,,20,,9.966407679998625,119.0,89.96640767999862
lambda,0.5,D,8,,,24,,17.999999997326213,95.0,97.99999999732621
lambda,0.5,D,9,,,19,,7.567984184558767,173.0,87.56798418455877
lambda,0.5,D,10,,,23,,15.740799899692462,138.0,95.74079989969246
lambda,0.5,D,11,,,16,,1.9956407372168314,225.0,81.99564073721683
lambda,0.5,D,12,,,22,,13.943806171985713,136.0,93.94380617198571
lambda,0.5,D,13,,,3,,24.00000000020794,250.0,55.99999999979206
lambda,0.5,D,14,,,22,,13.906114301239697,154.0,93.9061143012397
lambda,0.5,D,15,,,17,,3.992734582117052,191.0,83.99273458211705
lambda,0.5,D,16,,,19,,8.0,140.0,88.0
lambda,0.5,D,17,,,23,,15.987903352956238,126.0,95.98790335295624
lambda,0.5,D,18,,,24,,17.987703644678618,110.0,97.98770364467862
lambda,0.5,D,19,,,8,,14.007594916483711,250.0,65.99240508351629
lambda,0.6,A,0,3.0,0.0,1,,,,
lambda,0.6,A,1,3.0,0.0,1,,,,
lambda,0.6,A,2,3.0,0.0,1,,,,
lambda,0.6,A,3,3.0,0.0,1,,,,
lambda,0.6,A,4,3.0,0.0,1,,,,
lambda,0.6,A,5,3.0,0.0,1,,,,
lambda,0.6,A,6,3.0,0.0,1,,,,
lambda,0.6,A,7,3.0,0.0,1,,,,
lambda,0.6,A,8,3.0,0.0,1,,,,
lambda,0.6,A,9,3.0,0.0,1,,,,
lambda,0.6,A,10,3.0,0.0,1,,,,
lambda,0.6,A,11,3.0,0.0,1,,,,
lambda,0.6,A,12,3.0,0.0,1,,,,
lambda,0.6,A,13,3.0,0.0,1,,,,
lambda,0.6,A,14,3.0,0.0,1,,,,
lambda,0.6,A,15,3.0,0.0,1,,,,
lambda,0.6,A,16,3.0,0.0,1,,,,
lambda,0.6,A,17,3.0,0.0,1,,,,
lambda,0.6,A,18,3.0,0.0,1,,,,
lambda,0.6,A,19,3.0,0.0,1,,,,
lambda,0.6,B,0,,,13,0.25,,,
lambda,0.6,B,1,,,8,0.15,,,
lambda,0.6,B,2,,,10,0.175,,,
lambda,0.6,B,3,,,9,0.175,,,
lambda,0.6,B,4,,,13,0.225,,,
lambda,0.6,B,5,,,10,0.175,,,
lambda,0.6,B,6,,,14,0.25,,,
lambda,0.6,B,7,,,13,0.25,,,
lambda,0.6,B,8,,,12,0.225,,,
lambda,0.6,B,9,,,10,0.175,,,
lambda,0.6,B,10,,,11,0.2,,,
lambda,0.6,B,11,,,10,0.2,,,
lambda,0.6,B,12,,,10,0.15,,,
lambda,0.6,B,13,,,11,0.2,,,
lambda,0.6,B,14,,,13,0.25,,,
lambda,0.6,B,15,,,15,0.275,,,
lambda,0.6,B,16,,,13,0.25,,,
lambda,0.6,B,17,,,9,0.175,,,
lambda,0.6,B,18,,,13,0.225,,,
lambda,0.6,B,19,,,10,0.2,,,
lambda,0.6,C,0,,,18,,5.999999999999972,15.0,85.99999999999997
lambda,0.6,C,1,,,18,,5.999999999999972,15.0,85.99999999999997
lambda,0.6,C,2,,,18,,5.999999999999972,15.0,85.99999999999997
lambda,0.6,C,3,,,18,,5.999999999999972,15.0,85.99999999999997
lambda,0.6,C,4,,,18,,5.999999999999972,15.0,85.99999999999997
lambda,0.6,C,5,,,18,,5.999999999999972,15.0,85.99999999999997
lambda,0.6,C,6,,,18,,5.999999999999972,15.0,85.99999999999997
lambda,0.6,C,7,,,18,,5.999999999999972,15.0,85.99999999999997
lambda,0.6,C,8,,,18,,5.999999999999972,15.0,85.99999999999997
lambda,0.6,C,9,,,18,,5.999999999999972,15.0,85.99999999999997
lambda,0.6,C,10,,,18,,5.999999999999972,15.0,85.99999999999997
lambda,0.6,C,11,,,18,,5.999999999999972,15.0,85.99999999999997
lambda,0.6,C,12,,,18,,5.999999999999972,15.0,85.99999999999997
lambda,0.6,C,13,,,18,,5.999999999999972,15.0,85.99999999999997
lambda,0.6,C,14,,,18,,5.999999999999972,15.0,85.99999999999997
lambda,0.6,C,15,,,18,,5.999999999999972,15.0,85.99999999999997
lambda,0.6,C,16,,,18,,5.999999999999972,15.0,85.99999999999997
lambda,0.6,C,17,,,18,,5.999999999999972,15.0,85.99999999999997
lambda,0.6,C,18,,,18,,5.999999999999972,15.0,85.99999999999997
lambda,0.6,C,19,,,18,,5.999999999999972,15.0,85.99999999999997
lambda,0.6,D,0,,,24,,17.999999840826746,105.0,97.99999984082675
lambda,0.6,D,1,,,19,,7.272738371143447,203.0,87.27273837114345
lambda,0.6,D,2,,,21,,11.99738712420752,157.0,91.99738712420752
lambda,0.6,D,3,,,20,,9.979278334579732,180.0,89.97927833457973
lambda,0.6,D,4,,,21,,11.992728895437338,172.0,91.99272889543734
lambda,0.6,D,5,,,21,,11.999997855911005,150.0,91.999997855911
lambda,0.6,D,6,,,21,,11.997382079629219,154.0,91.99738207962922
lambda,0.6,D,7,,,26,,21.96640767999854,53.0,101.96640767999854
lambda,0.6,D,8,,,24,,17.999999997326213,95.0,97.99999999732621
lambda,0.6,D,9,,,19,,7.567984184558767,173.0,87.56798418455877
lambda,0.6,D,10,,,23,,15.740799899692462,138.0,95.74079989969246
lambda,0.6,D,11,,,16,,1.9956407372168314,225.0,81.99564073721683
lambda,0.6,D,12,,,22,,13.943806171985713,136.0,93.94380617198571
lambda,0.6,D,13,,,3,,24.00000000020794,250.0,55.99999999979206
lambda,0.6,D,14,,,22,,13.906114301239697,154.0,93.9061143012397
lambda,0.6,D,15,,,15,,0.007265417882635461,239.0,79.99273458211736
lambda,0.6,D,16,,,19,,8.0,140.0,88.0
lambda,0.6,D,17,,,24,,17.987903352956238,99.0,97.98790335295624
lambda,0.6,D,18,,,24,,17.987703644678618,110.0,97.98770364467862
lambda,0.6,D,19,,,8,,14.007594916483711,250.0,65.99240508351629
lambda,0.7,A,0,3.0,0.0,1,,,,
lambda,0.7,A,1,3.0,0.0,1,,,,
lambda,0.7,A,2,3.0,0.0,1,,,,
lambda,0.7,A,3,3.0,0.0,1,,,,
lambda,0.7,A,4,3.0,0.0,1,,,,
lambda,0.7,A,5,3.0,0.0,1,,,,
lambda,0.7,A,6,3.0,0.0,1,,,,
lambda,0.7,A,7,3.0,0.0,1,,,,
lambda,0.7,A,8,3.0,0.0,1,,,,
lambda,0.7,A,9,3.0,0.0,1,,,,
lambda,0.7,A,10,3.0,0.0,1,,,,
lambda,0.7,A,11,3.0,0.0,1,,,,
lambda,0.7,A,12,3.0,0.0,1,,,,
lambda,0.7,A,13,3.0,0.0,1,,,,
lambda,0.7,A,14,3.0,0.0,1,,,,
lambda,0.7,A,15,3.0,0.0,1,,,,
lambda,0.7,A,16,3.0,0.0,1,,,,
lambda,0.7,A,17,3.0,0.0,1,,,,
lambda,0.7,A,18,3.0,0.0,1,,,,
lambda,0.7,A,19,3.0,0.0,1,,,,
lambda,0.7,B,0,,,13,0.25,,,
lambda,0.7,B,1,,,10,0.2,,,
lambda,0.7,B,2,,,10,0.175,,,
lambda,0.7,B,3,,,10,0.2,,,
lambda,0.7,B,4,,,13,0.225,,,
lambda,0.7,B,5,,,11,0.2,,,
lambda,0.7,B,6,,,14,0.25,,,
lambda,0.7,B,7,,,13,0.25,,,
lambda,0.7,B,8,,,14,0.275,,,
lambda,0.7,B,9,,,10,0.175,,,
lambda,0.7,B,10,,,11,0.2,,,
lambda,0.7,B,11,,,10,0.2,,,
lambda,0.7,B,12,,,11,0.175,,,
lambda,0.7,B,13,,,11,0.2,,,
lambda,0.7,B,14,,,13,0.25,,,
lambda,0.7,B,15,,,15,0.275,,,
lambda,0.7,B,16,,,13,0.25,,,
lambda,0.7,B,17,,,11,0.225,,,
lambda,0.7,B,18,,,13,0.225,,,
lambda,0.7,B,19,,,11,0.225,,,
lambda,0.7,C,0,,,18,,5.999999999999972,15.0,85.99999999999997
lambda,0.7,C,1,,,18,,5.999999999999972,15.0,85.99999999999997
lambda,0.7,C,2,,,18,,5.999999999999972,15.0,85.99999999999997
lambda,0.7,C,3,,,18,,5.999999999999972,15.0,85.99999999999997
lambda,0.7,C,4,,,18,,5.999999999999972,15.0,85.99999999999997
lambda,0.7,C,5,,,18,,5.999999999999972,15.0,85.99999999999997
lambda,0.7,C,6,,,18,,5.999999999999972,15.0,85.99999999999997
lambda,0.7,C,7,,,18,,5.999999999999972,15.0,85.99999999999997
lambda,0.7,C,8,,,18,,5.999999999999972,15.0,85.99999999999997
lambda,0.7,C,9,,,18,,5.999999999999972,15.0,85.99999999999997
lambda,0.7,C,10,,,18,,5.999999999999972,15.0,85.99999999999997
lambda,0.7,C,11,,,18,,5.999999999999972,15.0,85.99999999999997
lambda,0.7,C,12,,,18,,5.999999999999972,15.0,85.99999999999997
lambda,0.7,C,13,,,18,,5.999999999999972,15.0,85.99999999999997
lambda,0.7,C,14,,,18,,5.999999999999972,15.0,85.99999999999997
lambda,0.7,C,15,,,18,,5.999999999999972,15.0,85.99999999999997
lambda,0.7,C,16,,,18,,5.999999999999972,15.0,85.99999999999997
lambda,0.7,C,17,,,18,,5.999999999999972,15.0,85.99999999999997
lambda,0.7,C,18,,,18,,5.999999999999972,15.0,85.99999999999997
lambda,0.7,C,19,,,18,,5.999999999999972,15.0,85.99999999999997
lambda,0.7,D,0,,,24,,17.999999840826746,105.0,97.99999984082675
lambda,0.7,D,1,,,22,,13.272738371143404,153.0,93.2727383711434
lambda,0.7,D,2,,,21,,11.99738712420752,157.0,91.99738712420752
lambda,0.7,D,3,,,20,,9.979278334579732,180.0,89.97927833457973
lambda,0.7,D,4,,,21,,11.992728895437338,172.0,91.99272889543734
lambda,0.7,D,5,,,21,,11.999997855911005,150.0,91.999997855911
lambda,0.7,D,6,,,21,,11.997382079629219,154.0,91.99738207962922
lambda,0.7,D,7,,,26,,21.96640767999854,53.0,101.96640767999854
lambda,0.7,D,8,,,24,,17.999999997326213,95.0,97.99999999732621
lambda,0.7,D,9,,,19,,7.567984184558767,173.0,87.56798418455877
lambda,0.7,D,10,,,23,,15.740799899692462,138.0,95.74079989969246
lambda,0.7,D,11,,,16,,1.9956407372168314,225.0,81.99564073721683
lambda,0.7,D,12,,,22,,13.943806171985713,136.0,93.94380617198571
lambda,0.7,D,13,,,5,,20.009868080131135,250.0,59.990131919868865
lambda,0.7,D,14,,,22,,13.906114301239697,154.0,93.9061143012397
lambda,0.7,D,15,,,17,,3.992734582117336,184.0,83.99273458211734
lambda,0.7,D,16,,,19,,8.0,140.0,88.0
lambda,0.7,D,17,,,24,,17.987903352956238,99.0,97.98790335295624
lambda,0.7,D,18,,,24,,17.987703644678618,110.0,97.98770364467862
lambda,0.7,D,19,,,8,,14.007594916483711,250.0,65.99240508351629
lambda,0.8,A,0,3.0,0.0,1,,,,
lambda,0.8,A,1,3.0,0.0,1,,,,
lambda,0.8,A,2,3.0,0.0,1,,,,
lambda,0.8,A,3,3.0,0.0,1,,,,
lambda,0.8,A,4,3.0,0.0,1,,,,
lambda,0.8,A,5,3.0,0.0,1,,,,
lambda,0.8,A,6,3.0,0.0,1,,,,
lambda,0.8,A,7,3.0,0.0,1,,,,
lambda,0.8,A,8,3.0,0.0,1,,,,
lambda,0.8,A,9,3.0,0.0,1,,,,
lambda,0.8,A,10,3.0,0.0,1,,,,
lambda,0.8,A,11,3.0,0.0,1,,,,
lambda,0.8,A,12,3.0,0.0,1,,,,
lambda,0.8,A,13,3.0,0.0,1,,,,
lambda,0.8,A,14,3.0,0.0,1,,,,
lambda,0.8,A,15,3.0,0.0,1,,,,
lambda,0.8,A,16,3.0,0.0,1,,,,
lambda,0.8,A,17,3.0,0.0,1,,,,
lambda,0.8,A,18,3.0,0.0,1,,,,
lambda,0.8,A,19,3.0,0.0,1,,,,
lambda,0.8,B,0,,,13,0.25,,,
lambda,0.8,B,1,,,10,0.2,,,
lambda,0.8,B,2,,,11,0.2,,,
lambda,0.8,B,3,,,11,0.225,,,
lambda,0.8,B,4,,,14,0.25,,,
lambda,0.8,B,5,,,11,0.2,,,
lambda,0.8,B,6,,,14,0.25,,,
lambda,0.8,B,7,,,13,0.25,,,
lambda,0.8,B,8,,,15,0.275,,,
lambda,0.8,B,9,,,10,0.175,,,
lambda,0.8,B,10,,,11,0.2,,,
lambda,0.8,B,11,,,10,0.2,,,
lambda,0.8,B,12,,,11,0.175,,,
lambda,0.8,B,13,,,11,0.2,,,
lambda,0.8,B,14,,,13,0.25,,,
lambda,0.8,B,15,,,16,0.3,,,
lambda,0.8,B,16,,,13,0.25,,,
lambda,0.8,B,17,,,11,0.225,,,
lambda,0.8,B,18,,,13,0.225,,,
lambda,0.8,B,19,,,11,0.225,,,
lambda,0.8,C,0,,,18,,5.999999999999972,15.0,85.99999999999997
lambda,0.8,C,1,,,18,,5.999999999999972,15.0,85.99999999999997
lambda,0.8,C,2,,,18,,5.999999999999972,15.0,85.99999999999997
lambda,0.8,C,3,,,18,,5.999999999999972,15.0,85.99999999999997
lambda,0.8,C,4,,,18,,5.999999999999972,15.0,85.99999999999997
lambda,0.8,C,5,,,18,,5.999999999999972,15.0,85.99999999999997
lambda,0.8,C,6,,,18,,5.999999999999972,15.0,85.99999999999997
lambda,0.8,C,7,,,18,,5.999999999999972,15.0,85.99999999999997
lambda,0.8,C,8,,,18,,5.999999999999972,15.0,85.99999999999997
lambda,0.8,C,9,,,18,,5.999999999999972,15.0,85.99999999999997
lambda,0.8,C,10,,,18,,5.999999999999972,15.0,85.99999999999997
lambda,0.8,C,11,,,18,,5.999999999999972,15.0,85.99999999999997
lambda,0.8,C,12,,,18,,5.999999999999972,15.0,85.99999999999997
lambda,0.8,C,13,,,18,,5.999999999999972,15.0,85.99999999999997
lambda,0.8,C,14,,,18,,5.999999999999972,15.0,85.99999999999997
lambda,0.8,C,15,,,18,,5.999999999999972,15.0,85.99999999999997
lambda,0.8,C,16,,,18,,5.999999999999972,15.0,85.99999999999997
lambda,0.8,C,17,,,18,,5.999999999999972,15.0,85.99999999999997
lambda,0.8,C,18,,,18,,5.999999999999972,15.0,85.99999999999997
lambda,0.8,C,19,,,18,,5.999999999999972,15.0,85.99999999999997
lambda,0.8,D,0,,,25,,19.74079984082674,105.0,99.74079984082674
lambda,0.8,D,1,,,22,,13.272738371143404,153.0,93.2727383711434
lambda,0.8,D,2,,,21,,11.99738712420752,157.0,91.99738712420752
lambda,0.8,D,3,,,20,,9.97927833457976,180.0,89.97927833457976
lambda,0.8,D,4,,,21,,11.992728895437338,172.0,91.99272889543734
lambda,0.8,D,5,,,21,,11.999997855911005,150.0,91.999997855911
lambda,0.8,D,6,,,25,,19.99738207962919,64.0,99.99738207962919
lambda,0.8,D,7,,,26,,21.96640767999854,53.0,101.96640767999854
lambda,0.8,D,8,,,24,,17.999999997326213,95.0,97.99999999732621
lambda,0.8,D,9,,,19,,7.567984184558767,173.0,87.56798418455877
lambda,0.8,D,10,,,23,,15.740799904148275,136.0,95.74079990414828
lambda,0.8,D,11,,,16,,1.9956407372168314,225.0,81.99564073721683
lambda,0.8,D,12,,,22,,13.943806171985713,136.0,93.94380617198571
lambda,0.8,D,13,,,5,,20.009868080131135,250.0,59.990131919868865
lambda,0.8,D,14,,,22,,13.906114301239697,154.0,93.9061143012397
lambda,0.8,D,15,,,23,,15.99273458211735,117.0,95.99273458211735
lambda,0.8,D,16,,,21,,11.9999999999999,126.0,91.9999999999999
lambda,0.8,D,17,,,24,,17.987903352956238,99.0,97.98790335295624
lambda,0.8,D,18,,,24,,17.987703644678618,110.0,97.98770364467862
lambda,0.8,D,19,,,9,,12.007594950865112,250.0,67.99240504913489
lambda,0.9,A,0,3.0,0.0,1,,,,
lambda,0.9,A,1,3.0,0.0,1,,,,
lambda,0.9,A,2,3.0,0.0,1,,,,
lambda,0.9,A,3,3.0,0.0,1,,,,
lambda,0.9,A,4,3.0,0.0,1,,,,
lambda,0.9,A,5,3.0,0.0,1,,,,
lambda,0.9,A,6,3.0,0.0,1,,,,
lambda,0.9,A,7,3.0,0.0,1,,,,
lambda,0.9,A,8,3.0,0.0,1,,,,
lambda,0.9,A,9,3.0,0.0,1,,,,
lambda,0.9,A,10,3.0,0.0,1,,,,
lambda,0.9,A,11,3.0,0.0,1,,,,
lambda,0.9,A,12,3.0,0.0,1,,,,
lambda,0.9,A,13,3.0,0.0,1,,,,
lambda,0.9,A,14,3.0,0.0,1,,,,
lambda,0.9,A,15,3.0,0.0,1,,,,
lambda,0.9,A,16,3.0,0.0,1,,,,
lambda,0.9,A,17,3.0,0.0,1,,,,
lambda,0.9,A,18,3.0,0.0,1,,,,
lambda,0.9,A,19,3.0,0.0,1,,,,
lambda,0.9,B,0,,,14,0.275,,,
lambda,0.9,B,1,,,11,0.2,,,
lambda,0.9,B,2,,,11,0.2,,,
lambda,0.9,B,3,,,12,0.25,,,
lambda,0.9,B,4,,,14,0.25,,,
lambda,0.9,B,5,,,11,0.2,,,
lambda,0.9,B,6,,,15,0.25,,,
lambda,0.9,B,7,,,13,0.25,,,
lambda,0.9,B,8,,,16,0.3,,,
lambda,0.9,B,9,,,10,0.175,,,
lambda,0.9,B,10,,,11,0.2,,,
lambda,0.9,B,11,,,11,0.225,,,
lambda,0.9,B,12,,,12,0.2,,,
lambda,0.9,B,13,,,11,0.2,,,
lambda,0.9,B,14,,,14,0.275,,,
lambda,0.9,B,15,,,16,0.3,,,
lambda,0.9,B,16,,,13,0.25,,,
lambda,0.9,B,17,,,11,0.225,,,
lambda,0.9,B,18,,,13,0.225,,,
lambda,0.9,B,19,,,12,0.25,,,
lambda,0.9,C,0,,,18,,5.999999999999972,15.0,85.99999999999997
lambda,0.9,C,1,,,18,,5.999999999999972,15.0,85.99999999999997
lambda,0.9,C,2,,,18,,5.999999999999972,15.0,85.99999999999997
lambda,0.9,C,3,,,18,,5.999999999999972,15.0,85.99999999999997
lambda,0.9,C,4,,,18,,5.999999999999972,15.0,85.99999999999997
lambda,0.9,C,5,,,18,,5.999999999999972,15.0,85.99999999999997
lambda,0.9,C,6,,,18,,5.999999999999972,15.0,85.99999999999997
lambda,0.9,C,7,,,18,,5.999999999999972,15.0,85.99999999999997
lambda,0.9,C,8,,,18,,5.999999999999972,15.0,85.99999999999997
lambda,0.9,C,9,,,18,,5.999999999999972,15.0,85.99999999999997
lambda,0.9,C,10,,,18,,5.999999999999972,15.0,85.99999999999997
lambda,0.9,C,11,,,18,,5.999999999999972,15.0,85.99999999999997
lambda,0.9,C,12,,,18,,5.999999999999972,15.0,85.99999999999997
lambda,0.9,C,13,,,18,,5.999999999999972,15.0,85.99999999999997
lambda,0.9,C,14,,,18,,5.999999999999972,15.0,85.99999999999997
lambda,0.9,C,15,,,18,,5.999999999999972,15.0,85.99999999999997
lambda,0.9,C,16,,,18,,5.999999999999972,15.0,85.99999999999997
lambda,0.9,C,17,,,18,,5.999999999999972,15.0,85.99999999999997
lambda,0.9,C,18,,,18,,5.999999999999972,15.0,85.99999999999997
lambda,0.9,C,19,,,18,,5.999999999999972,15.0,85.99999999999997
lambda,0.9,D,0,,,25,,19.74079984082674,105.0,99.74079984082674
lambda,0.9,D,1,,,22,,13.272738371143404,153.0,93.2727383711434
lambda,0.9,D,2,,,21,,11.99738712420752,157.0,91.99738712420752
lambda,0.9,D,3,,,26,,21.979278334579647,82.0,101.97927833457965
lambda,0.9,D,4,,,21,,11.992728895437338,172.0,91.99272889543734
lambda,0.9,D,5,,,21,,11.999997855911005,150.0,91.999997855911
lambda,0.9,D,6,,,22,,13.997382079629247,116.0,93.99738207962925
lambda,0.9,D,7,,,26,,21.96640767999854,53.0,101.96640767999854
lambda,0.9,D,8,,,24,,17.999999997326213,95.0,97.99999999732621
lambda,0.9,D,9,,,19,,7.567984184558767,173.0,87.56798418455877
lambda,0.9,D,10,,,23,,15.740799904148275,136.0,95.74079990414828
lambda,0.9,D,11,,,16,,1.9956407372168314,225.0,81.99564073721683
lambda,0.9,D,12,,,22,,13.943806171985713,136.0,93.94380617198571
lambda,0.9,D,13,,,11,,8.32662256341301,250.0,71.67337743658699
lambda,0.9,D,14,,,21,,11.90611430123964,156.0,91.90611430123964
lambda,0.9,D,15,,,26,,21.99273458211728,67.0,101.99273458211728
lambda,0.9,D,16,,,21,,11.999999999999943,98.0,91.99999999999994
lambda,0.9,D,17,,,24,,17.987903352956238,99.0,97.98790335295624
lambda,0.9,D,18,,,24,,17.987703644678618,110.0,97.98770364467862
lambda,0.9,D,19,,,17,,3.999660979213246,215.0,83.99966097921325
beta,0.1,A,0,0.0,1.0,0,,,,
beta,0.1,A,1,0.0,1.0,0,,,,
beta,0.1,A,2,0.0,1.0,0,,,,
beta,0.1,A,3,0.0,1.0,0,,,,
beta,0.1,A,4,0.0,1.0,0,,,,
beta,0.1,A,5,0.0,1.0,0,,,,
beta,0.1,A,6,0.0,1.0,0,,,,
beta,0.1,A,7,0.0,1.0,0,,,,
beta,0.1,A,8,0.0,1.0,0,,,,
beta,0.1,A,9,0.0,1.0,0,,,,
beta,0.1,A,10,0.0,1.0,0,,,,
beta,0.1,A,11,0.0,1.0,0,,,,
beta,0.1,A,12,0.0,1.0,0,,,,
beta,0.1,A,13,0.0,1.0,0,,,,
beta,0.1,A,14,0.0,1.0,0,,,,
beta,0.1,A,15,0.0,1.0,0,,,,
beta,0.1,A,16,0.0,1.0,0,,,,
beta,0.1,A,17,0.0,1.0,0,,,,
beta,0.1,A,18,0.0,1.0,0,,,,
beta,0.1,A,19,0.0,1.0,0,,,,
beta,0.1,B,0,,,11,0.2,,,
beta,0.1,B,1,,,8,0.15,,,
beta,0.1,B,2,,,8,0.15,,,
beta,0.1,B,3,,,9,0.175,,,
beta,0.1,B,4,,,11,0.2,,,
beta,0.1,B,5,,,9,0.175,,,
beta,0.1,B,6,,,11,0.225,,,
beta,0.1,B,7,,,12,0.225,,,
beta,0.1,B,8,,,9,0.175,,,
beta,0.1,B,9,,,8,0.125,,,
beta,0.1,B,10,,,10,0.175,,,
beta,0.1,B,11,,,9,0.175,,,
beta,0.1,B,12,,,7,0.125,,,
beta,0.1,B,13,,,10,0.2,,,
beta,0.1,B,14,,,12,0.25,,,
beta,0.1,B,15,,,13,0.275,,,
beta,0.1,B,16,,,11,0.225,,,
beta,0.1,B,17,,,7,0.15,,,
beta,0.1,B,18,,,12,0.2,,,
beta,0.1,B,19,,,9,0.175,,,
beta,0.1,C,0,,,18,,5.999999999999972,16.0,85.99999999999997
beta,0.1,C,1,,,18,,5.999999999999972,16.0,85.99999999999997
beta,0.1,C,2,,,18,,5.999999999999972,16.0,85.99999999999997
beta,0.1,C,3,,,18,,5.999999999999972,16.0,85.99999999999997
beta,0.1,C,4,,,18,,5.999999999999972,16.0,85.99999999999997
beta,0.1,C,5,,,18,,5.999999999999972,16.0,85.99999999999997
beta,0.1,C,6,,,18,,5.999999999999972,16.0,85.99999999999997
beta,0.1,C,7,,,18,,5.999999999999972,16.0,85.99999999999997
beta,0.1,C,8,,,18,,5.999999999999972,16.0,85.99999999999997
beta,0.1,C,9,,,18,,5.999999999999972,16.0,85.99999999999997
beta,0.1,C,10,,,18,,5.999999999999972,16.0,85.99999999999997
beta,0.1,C,11,,,18,,5.999999999999972,16.0,85.99999999999997
beta,0.1,C,12,,,18,,5.999999999999972,16.0,85.99999999999997
beta,0.1,C,13,,,18,,5.999999999999972,16.0,85.99999999999997
beta,0.1,C,14,,,18,,5.999999999999972,16.0,85.99999999999997
beta,0.1,C,15,,,18,,5.999999999999972,16.0,85.99999999999997
beta,0.1,C,16,,,18,,5.999999999999972,16.0,85.99999999999997
beta,0.1,C,17,,,18,,5.999999999999972,16.0,85.99999999999997
beta,0.1,C,18,,,18,,5.999999999999972,16.0,85.99999999999997
beta,0.1,C,19,,,18,,5.999999999999972,16.0,85.99999999999997
beta,0.1,D,0,,,26,,21.999999840826803,97.0,101.9999998408268
beta,0.1,D,1,,,17,,3.2727333934161464,226.0,83.27273339341615
beta,0.1,D,2,,,21,,11.99738712420752,157.0,91.99738712420752
beta,0.1,D,3,,,20,,9.979278322202504,196.0,89.9792783222025
beta,0.1,D,4,,,23,,15.992728895437267,127.0,95.99272889543727
beta,0.1,D,5,,,20,,9.999997855911047,172.0,89.99999785591105
beta,0.1,D,6,,,19,,7.997381651579147,217.0,87.99738165157915
beta,0.1,D,7,,,23,,15.966407679998653,95.0,95.96640767999865
beta,0.1,D,8,,,23,,15.999999997326213,97.0,95.99999999732621
beta,0.1,D,9,,,19,,7.567984184558767,173.0,87.56798418455877
beta,0.1,D,10,,,19,,7.020799899692506,206.0,87.0207998996925
beta,0.1,D,11,,,16,,1.9956407372168314,225.0,81.99564073721683
beta,0.1,D,12,,,22,,13.94380617198567,136.0,93.94380617198567
beta,0.1,D,13,,,2,,26.00000000020792,250.0,53.99999999979208
beta,0.1,D,14,,,22,,13.90611430123964,155.0,93.90611430123964
beta,0.1,D,15,,,17,,3.992734582117052,191.0,83.99273458211705
beta,0.1,D,16,,,2,,26.000000000000057,250.0,53.99999999999994
beta,0.1,D,17,,,25,,19.987906764590775,102.0,99.98790676459078
beta,0.1,D,18,,,24,,17.987703644678618,110.0,97.98770364467862
beta,0.1,D,19,,,8,,14.007594916483711,250.0,65.99240508351629
beta,0.3,A,0,0.0,1.0,0,,,,
beta,0.3,A,1,0.0,1.0,0,,,,
beta,0.3,A,2,0.0,1.0,0,,,,
beta,0.3,A,3,0.0,1.0,0,,,,
beta,0.3,A,4,0.0,1.0,0,,,,
beta,0.3,A,5,0.0,1.0,0,,,,
beta,0.3,A,6,0.0,1.0,0,,,,
beta,0.3,A,7,0.0,1.0,0,,,,
beta,0.3,A,8,0.0,1.0,0,,,,
beta,0.3,A,9,0.0,1.0,0,,,,
beta,0.3,A,10,0.0,1.0,0,,,,
beta,0.3,A,11,0.0,1.0,0,,,,
beta,0.3,A,12,0.0,1.0,0,,,,
beta,0.3,A,13,0.0,1.0,0,,,,
beta,0.3,A,14,0.0,1.0,0,,,,
beta,0.3,A,15,0.0,1.0,0,,,,
beta,0.3,A,16,0.0,1.0,0,,,,
beta,0.3,A,17,0.0,1.0,0,,,,
beta,0.3,A,18,0.0,1.0,0,,,,
beta,0.3,A,19,0.0,1.0,0,,,,
beta,0.3,B,0,,,11,0.2,,,
beta,0.3,B,1,,,8,0.15,,,
beta,0.3,B,2,,,8,0.15,,,
beta,0.3,B,3,,,9,0.175,,,
beta,0.3,B,4,,,12,0.225,,,
beta,0.3,B,5,,,9,0.175,,,
beta,0.3,B,6,,,12,0.225,,,
beta,0.3,B,7,,,13,0.25,,,
beta,0.3,B,8,,,10,0.2,,,
beta,0.3,B,9,,,8,0.125,,,
beta,0.3,B,10,,,10,0.175,,,
beta,0.3,B,11,,,9,0.175,,,
beta,0.3,B,12,,,8,0.125,,,
beta,0.3,B,13,,,11,0.2,,,
beta,0.3,B,14,,,13,0.25,,,
beta,0.3,B,15,,,15,0.275,,,
beta,0.3,B,16,,,12,0.225,,,
beta,0.3,B,17,,,7,0.15,,,
beta,0.3,B,18,,,12,0.2,,,
beta,0.3,B,19,,,9,0.175,,,
beta,0.3,C,0,,,18,,5.999999999999972,16.0,85.99999999999997
beta,0.3,C,1,,,18,,5.999999999999972,16.0,85.99999999999997
beta,0.3,C,2,,,18,,5.999999999999972,16.0,85.99999999999997
beta,0.3,C,3,,,18,,5.999999999999972,16.0,85.99999999999997
beta,0.3,C,4,,,18,,5.999999999999972,16.0,85.99999999999997
beta,0.3,C,5,,,18,,5.999999999999972,16.0,85.99999999999997
beta,0.3,C,6,,,18,,5.999999999999972,16.0,85.99999999999997
beta,0.3,C,7,,,18,,5.999999999999972,16.0,85.99999999999997
beta,0.3,C,8,,,18,,5.999999999999972,16.0,85.99999999999997
beta,0.3,C,9,,,18,,5.999999999999972,16.0,85.99999999999997
beta,0.3,C,10,,,18,,5.999999999999972,16.0,85.99999999999997
beta,0.3,C,11,,,18,,5.999999999999972,16.0,85.99999999999997
beta,0.3,C,12,,,18,,5.999999999999972,16.0,85.99999999999997
beta,0.3,C,13,,,18,,5.999999999999972,16.0,85.99999999999997
beta,0.3,C,14,,,18,,5.999999999999972,16.0,85.99999999999997
beta,0.3,C,15,,,18,,5.999999999999972,16.0,85.99999999999997
beta,0.3,C,16,,,18,,5.999999999999972,16.0,85.99999999999997
beta,0.3,C,17,,,18,,5.999999999999972,16.0,85.99999999999997
beta,0.3,C,18,,,18,,5.999999999999972,16.0,85.99999999999997
beta,0.3,C,19,,,18,,5.999999999999972,16.0,85.99999999999997
beta,0.3,D,0,,,24,,17.999999840826746,105.0,97.99999984082675
beta,0.3,D,1,,,17,,3.2727333934161464,226.0,83.27273339341615
beta,0.3,D,2,,,21,,11.99738712420752,157.0,91.99738712420752
beta,0.3,D,3,,,20,,9.979278334579732,180.0,89.97927833457973
beta,0.3,D,4,,,23,,15.992728895437267,127.0,95.99272889543727
beta,0.3,D,5,,,20,,9.999997855911047,172.0,89.99999785591105
beta,0.3,D,6,,,19,,7.997381651579147,217.0,87.99738165157915
beta,0.3,D,7,,,20,,9.966407679998625,119.0,89.96640767999862
beta,0.3,D,8,,,24,,17.999999997326213,95.0,97.99999999732621
beta,0.3,D,9,,,19,,7.567984184558767,173.0,87.56798418455877
beta,0.3,D,10,,,24,,17.74079990414836,130.0,97.74079990414836
beta,0.3,D,11,,,16,,1.9956407372168314,225.0,81.99564073721683
beta,0.3,D,12,,,22,,13.94380617198567,136.0,93.94380617198567
beta,0.3,D,13,,,2,,26.00000000020792,250.0,53.99999999979208
beta,0.3,D,14,,,22,,13.906114301239697,154.0,93.9061143012397
beta,0.3,D,15,,,17,,3.992734582117052,191.0,83.99273458211705
beta,0.3,D,16,,,2,,26.000000000000057,250.0,53.99999999999994
beta,0.3,D,17,,,25,,19.987906764590775,102.0,99.98790676459078
beta,0.3,D,18,,,24,,17.987703644678618,110.0,97.98770364467862
beta,0.3,D,19,,,8,,14.007594916483711,250.0,65.99240508351629
beta,0.5,A,0,0.0,1.0,0,,,,
beta,0.5,A,1,0.0,1.0,0,,,,
beta,0.5,A,2,0.0,1.0,0,,,,
beta,0.5,A,3,0.0,1.0,0,,,,
beta,0.5,A,4,0.0,1.0,0,,,,
beta,0.5,A,5,0.0,1.0,0,,,,
beta,0.5,A,6,0.0,1.0,0,,,,
beta,0.5,A,7,0.0,1.0,0,,,,
beta,0.5,A,8,0.0,1.0,0,,,,
beta,0.5,A,9,0.0,1.0,0,,,,
beta,0.5,A,10,0.0,1.0,0,,,,
beta,0.5,A,11,0.0,1.0,0,,,,
beta,0.5,A,12,0.0,1.0,0,,,,
beta,0.5,A,13,0.0,1.0,0,,,,
beta,0.5,A,14,0.0,1.0,0,,,,
beta,0.5,A,15,0.0,1.0,0,,,,
beta,0.5,A,16,0.0,1.0,0,,,,
beta,0.5,A,17,0.0,1.0,0,,,,
beta,0.5,A,18,0.0,1.0,0,,,,
beta,0.5,A,19,0.0,1.0,0,,,,
beta,0.5,B,0,,,11,0.2,,,
beta,0.5,B,1,,,8,0.15,,,
beta,0.5,B,2,,,8,0.15,,,
beta,0.5,B,3,,,9,0.175,,,
beta,0.5,B,4,,,13,0.225,,,
beta,0.5,B,5,,,9,0.175,,,
beta,0.5,B,6,,,12,0.225,,,
beta,0.5,B,7,,,13,0.25,,,
beta,0.5,B,8,,,10,0.2,,,
beta,0.5,B,9,,,8,0.125,,,
beta,0.5,B,10,,,10,0.175,,,
beta,0.5,B,11,,,9,0.175,,,
beta,0.5,B,12,,,8,0.125,,,
beta,0.5,B,13,,,11,0.2,,,
beta,0.5,B,14,,,13,0.25,,,
beta,0.5,B,15,,,15,0.275,,,
beta,0.5,B,16,,,12,0.225,,,
beta,0.5,B,17,,,7,0.15,,,
beta,0.5,B,18,,,12,0.2,,,
beta,0.5,B,19,,,9,0.175,,,
beta,0.5,C,0,,,18,,5.999999999999972,15.0,85.99999999999997
beta,0.5,C,1,,,18,,5.999999999999972,15.0,85.99999999999997
beta,0.5,C,2,,,18,,5.999999999999972,15.0,85.99999999999997
beta,0.5,C,3,,,18,,5.999999999999972,15.0,85.99999999999997
beta,0.5,C,4,,,18,,5.999999999999972,15.0,85.99999999999997
beta,0.5,C,5,,,18,,5.999999999999972,15.0,85.99999999999997
beta,0.5,C,6,,,18,,5.999999999999972,15.0,85.99999999999997
beta,0.5,C,7,,,18,,5.999999999999972,15.0,85.99999999999997
beta,0.5,C,8,,,18,,5.999999999999972,15.0,85.99999999999997
beta,0.5,C,9,,,18,,5.999999999999972,15.0,85.99999999999997
beta,0.5,C,10,,,18,,5.999999999999972,15.0,85.99999999999997
beta,0.5,C,11,,,18,,5.999999999999972,15.0,85.99999999999997
beta,0.5,C,12,,,18,,5.999999999999972,15.0,85.99999999999997
beta,0.5,C,13,,,18,,5.999999999999972,15.0,85.99999999999997
beta,0.5,C,14,,,18,,5.999999999999972,15.0,85.99999999999997
beta,0.5,C,15,,,18,,5.999999999999972,15.0,85.99999999999997
beta,0.5,C,16,,,18,,5.999999999999972,15.0,85.99999999999997
beta,0.5,C,17,,,18,,5.999999999999972,15.0,85.99999999999997
beta,0.5,C,18,,,18,,5.999999999999972,15.0,85.99999999999997
beta,0.5,C,19,,,18,,5.999999999999972,15.0,85.99999999999997
beta,0.5,D,0,,,24,,17.999999840826746,105.0,97.99999984082675
beta,0.5,D,1,,,17,,3.2727333934161464,226.0,83.27273339341615
beta,0.5,D,2,,,21,,11.99738712420752,157.0,91.99738712420752
beta,0.5,D,3,,,20,,9.979278334579732,180.0,89.97927833457973
beta,0.5,D,4,,,23,,15.992728895437267,127.0,95.99272889543727
beta,0.5,D,5,,,20,,9.999997855911047,172.0,89.99999785591105
beta,0.5,D,6,,,19,,7.997381651579147,217.0,87.99738165157915
beta,0.5,D,7,,,20,,9.966407679998625,119.0,89.96640767999862
beta,0.5,D,8,,,24,,17.999999997326213,95.0,97.99999999732621
beta,0.5,D,9,,,19,,7.567984184558767,173.0,87.56798418455877
beta,0.5,D,10,,,23,,15.740799899692462,138.0,95.74079989969246
beta,0.5,D,11,,,16,,1.9956407372168314,225.0,81.99564073721683
beta,0.5,D,12,,,22,,13.94380617198567,136.0,93.94380617198567
beta,0.5,D,13,,,2,,26.00000000020792,250.0,53.99999999979208
beta,0.5,D,14,,,22,,13.906114301239697,154.0,93.9061143012397
beta,0.5,D,15,,,17,,3.992734582117052,191.0,83.99273458211705
beta,0.5,D,16,,,2,,26.000000000000057,250.0,53.99999999999994
beta,0.5,D,17,,,25,,19.987906764590775,102.0,99.98790676459078
beta,0.5,D,18,,,24,,17.987703644678618,110.0,97.98770364467862
beta,0.5,D,19,,,8,,14.007594916483711,250.0,65.99240508351629
beta,1.0,A,0,3.0,0.0,1,,,,
beta,1.0,A,1,3.0,0.0,1,,,,
beta,1.0,A,2,3.0,0.0,1,,,,
beta,1.0,A,3,3.0,0.0,1,,,,
beta,1.0,A,4,3.0,0.0,1,,,,
beta,1.0,A,5,3.0,0.0,1,,,,
beta,1.0,A,6,3.0,0.0,1,,,,
beta,1.0,A,7,3.0,0.0,1,,,,
beta,1.0,A,8,3.0,0.0,1,,,,
beta,1.0,A,9,3.0,0.0,1,,,,
beta,1.0,A,10,3.0,0.0,1,,,,
beta,1.0,A,11,3.0,0.0,1,,,,
beta,1.0,A,12,3.0,0.0,1,,,,
beta,1.0,A,13,3.0,0.0,1,,,,
beta,1.0,A,14,3.0,0.0,1,,,,
beta,1.0,A,15,3.0,0.0,1,,,,
beta,1.0,A,16,3.0,0.0,1,,,,
beta,1.0,A,17,3.0,0.0,1,,,,
beta,1.0,A,18,3.0,0.0,1,,,,
beta,1.0,A,19,3.0,0.0,1,,,,
beta,1.0,B,0,,,11,0.2,,,
beta,1.0,B,1,,,8,0.15,,,
beta,1.0,B,2,,,9,0.15,,,
beta,1.0,B,3,,,9,0.175,,,
beta,1.0,B,4,,,13,0.225,,,
beta,1.0,B,5,,,10,0.175,,,
beta,1.0,B,6,,,13,0.225,,,
beta,1.0,B,7,,,13,0.25,,,
beta,1.0,B,8,,,12,0.225,,,
beta,1.0,B,9,,,8,0.125,,,
beta,1.0,B,10,,,10,0.175,,,
beta,1.0,B,11,,,9,0.175,,,
beta,1.0,B,12,,,10,0.15,,,
beta,1.0,B,13,,,11,0.2,,,
beta,1.0,B,14,,,13,0.25,,,
beta,1.0,B,15,,,15,0.275,,,
beta,1.0,B,16,,,13,0.25,,,
beta,1.0,B,17,,,8,0.15,,,
beta,1.0,B,18,,,12,0.2,,,
beta,1.0,B,19,,,9,0.175,,,
beta,1.0,C,0,,,18,,5.999999999999972,15.0,85.99999999999997
beta,1.0,C,1,,,18,,5.999999999999972,15.0,85.99999999999997
beta,1.0,C,2,,,18,,5.999999999999972,15.0,85.99999999999997
beta,1.0,C,3,,,18,,5.999999999999972,15.0,85.99999999999997
beta,1.0,C,4,,,18,,5.999999999999972,15.0,85.99999999999997
beta,1.0,C,5,,,18,,5.999999999999972,15.0,85.99999999999997
beta,1.0,C,6,,,18,,5.999999999999972,15.0,85.99999999999997
beta,1.0,C,7,,,18,,5.999999999999972,15.0,85.99999999999997
beta,1.0,C,8,,,18,,5.999999999999972,15.0,85.99999999999997
beta,1.0,C,9,,,18,,5.999999999999972,15.0,85.99999999999997
beta,1.0,C,10,,,18,,5.999999999999972,15.0,85.99999999999997
beta,1.0,C,11,,,18,,5.999999999999972,15.0,85.99999999999997
beta,1.0,C,12,,,18,,5.999999999999972,15.0,85.99999999999997
beta,1.0,C,13,,,18,,5.999999999999972,15.0,85.99999999999997
beta,1.0,C,14,,,18,,5.999999999999972,15.0,85.99999999999997
beta,1.0,C,15,,,18,,5.999999999999972,15.0,85.99999999999997
beta,1.0,C,16,,,18,,5.999999999999972,15.0,85.99999999999997
beta,1.0,C,17,,,18,,5.999999999999972,15.0,85.99999999999997
beta,1.0,C,18,,,18,,5.999999999999972,15.0,85.99999999999997
beta,1.0,C,19,,,18,,5.999999999999972,15.0,85.99999999999997
beta,1.0,D,0,,,24,,17.999999840826746,105.0,97.99999984082675
beta,1.0,D,1,,,19,,7.272738371143447,203.0,87.27273837114345
beta,1.0,D,2,,,21,,11.99738712420752,157.0,91.99738712420752
beta,1.0,D,3,,,20,,9.979278334579732,180.0,89.97927833457973
beta,1.0,D,4,,,21,,11.992728895437338,172.0,91.99272889543734
beta,1.0,D,5,,,21,,11.999997855911005,150.0,91.999997855911
beta,1.0,D,6,,,21,,11.997382079629219,154.0,91.99738207962922
beta,1.0,D,7,,,20,,9.966407679998625,119.0,89.96640767999862
beta,1.0,D,8,,,24,,17.999999997326213,95.0,97.99999999732621
beta,1.0,D,9,,,19,,7.567984184558767,173.0,87.56798418455877
beta,1.0,D,10,,,23,,15.740799899692462,138.0,95.74079989969246
beta,1.0,D,11,,,16,,1.9956407372168314,225.0,81.99564073721683
beta,1.0,D,12,,,22,,13.943806171985713,136.0,93.94380617198571
beta,1.0,D,13,,,3,,24.00000000020794,250.0,55.99999999979206
beta,1.0,D,14,,,22,,13.906114301239697,154.0,93.9061143012397
beta,1.0,D,15,,,17,,3.992734582117052,191.0,83.99273458211705
beta,1.0,D,16,,,19,,8.0,140.0,88.0
beta,1.0,D,17,,,23,,15.987903352956238,126.0,95.98790335295624
beta,1.0,D,18,,,24,,17.987703644678618,110.0,97.98770364467862
beta,1.0,D,19,,,8,,14.007594916483711,250.0,65.99240508351629
beta,2.0,A,0,4.0,0.0,2,,,,
beta,2.0,A,1,4.0,0.0,2,,,,
beta,2.0,A,2,4.0,0.0,2,,,,
beta,2.0,A,3,4.0,0.0,2,,,,
beta,2.0,A,4,4.0,0.0,2,,,,
beta,2.0,A,5,4.0,0.0,2,,,,
beta,2.0,A,6,4.0,0.0,2,,,,
beta,2.0,A,7,4.0,0.0,2,,,,
beta,2.0,A,8,4.0,0.0,2,,,,
beta,2.0,A,9,4.0,0.0,2,,,,
beta,2.0,A,10,4.0,0.0,2,,,,
beta,2.0,A,11,4.0,0.0,2,,,,
beta,2.0,A,12,4.0,0.0,2,,,,
beta,2.0,A,13,4.0,0.0,2,,,,
beta,2.0,A,14,4.0,0.0,2,,,,
beta,2.0,A,15,4.0,0.0,2,,,,
beta,2.0,A,16,4.0,0.0,2,,,,
beta,2.0,A,17,4.0,0.0,2,,,,
beta,2.0,A,18,4.0,0.0,2,,,,
beta,2.0,A,19,4.0,0.0,2,,,,
beta,2.0,B,0,,,11,0.2,,,
beta,2.0,B,1,,,9,0.15,,,
beta,2.0,B,2,,,10,0.175,,,
beta,2.0,B,3,,,10,0.175,,,
beta,2.0,B,4,,,13,0.225,,,
beta,2.0,B,5,,,10,0.175,,,
beta,2.0,B,6,,,14,0.25,,,
beta,2.0,B,7,,,13,0.25,,,
beta,2.0,B,8,,,12,0.225,,,
beta,2.0,B,9,,,9,0.15,,,
beta,2.0,B,10,,,12,0.225,,,
beta,2.0,B,11,,,10,0.175,,,
beta,2.0,B,12,,,11,0.175,,,
beta,2.0,B,13,,,12,0.225,,,
beta,2.0,B,14,,,13,0.25,,,
beta,2.0,B,15,,,15,0.275,,,
beta,2.0,B,16,,,14,0.275,,,
beta,2.0,B,17,,,8,0.15,,,
beta,2.0,B,18,,,12,0.2,,,
beta,2.0,B,19,,,11,0.2,,,
beta,2.0,C,0,,,18,,5.999999999999972,15.0,85.99999999999997
beta,2.0,C,1,,,18,,5.999999999999972,15.0,85.99999999999997
beta,2.0,C,2,,,18,,5.999999999999972,15.0,85.99999999999997
beta,2.0,C,3,,,18,,5.999999999999972,15.0,85.99999999999997
beta,2.0,C,4,,,18,,5.999999999999972,15.0,85.99999999999997
beta,2.0,C,5,,,18,,5.999999999999972,15.0,85.99999999999997
beta,2.0,C,6,,,18,,5.999999999999972,15.0,85.99999999999997
beta,2.0,C,7,,,18,,5.999999999999972,15.0,85.99999999999997
beta,2.0,C,8,,,18,,5.999999999999972,15.0,85.99999999999997
beta,2.0,C,9,,,18,,5.999999999999972,15.0,85.99999999999997
beta,2.0,C,10,,,18,,5.999999999999972,15.0,85.99999999999997
beta,2.0,C,11,,,18,,5.999999999999972,15.0,85.99999999999997
beta,2.0,C,12,,,18,,5.999999999999972,15.0,85.99999999999997
beta,2.0,C,13,,,18,,5.999999999999972,15.0,85.99999999999997
beta,2.0,C,14,,,18,,5.999999999999972,15.0,85.99999999999997
beta,2.0,C,15,,,18,,5.999999999999972,15.0,85.99999999999997
beta,2.0,C,16,,,18,,5.999999999999972,15.0,85.99999999999997
beta,2.0,C,17,,,18,,5.999999999999972,15.0,85.99999999999997
beta,2.0,C,18,,,18,,5.999999999999972,15.0,85.99999999999997
beta,2.0,C,19,,,18,,5.999999999999972,15.0,85.99999999999997
beta,2.0,D,0,,,28,,25.999999840826575,19.0,105.99999984082658
beta,2.0,D,1,,,19,,7.272738371143447,203.0,87.27273837114345
beta,2.0,D,2,,,21,,11.99738712420752,157.0,91.99738712420752
beta,2.0,D,3,,,25,,19.97927833457976,80.0,99.97927833457976
beta,2.0,D,4,,,26,,21.999994313290145,46.0,101.99999431329014
beta,2.0,D,5,,,21,,11.999997855911005,150.0,91.999997855911
beta,2.0,D,6,,,21,,11.997382079629219,154.0,91.99738207962922
beta,2.0,D,7,,,26,,21.96640767999854,53.0,101.96640767999854
beta,2.0,D,8,,,25,,19.99999999999973,63.0,99.99999999999973
beta,2.0,D,9,,,20,,9.567984184558796,172.0,89.5679841845588
beta,2.0,D,10,,,23,,15.740799899692462,138.0,95.74079989969246
beta,2.0,D,11,,,16,,1.9956407372168314,225.0,81.99564073721683
beta,2.0,D,12,,,22,,13.943806171985713,136.0,93.94380617198571
beta,2.0,D,13,,,3,,24.00000000020794,250.0,55.99999999979206
beta,2.0,D,14,,,22,,13.906114301239697,154.0,93.9061143012397
beta,2.0,D,15,,,24,,17.992734582117208,85.0,97.99273458211721
beta,2.0,D,16,,,24,,18.000000000000014,46.0,98.00000000000001
beta,2.0,D,17,,,25,,19.987906764590733,88.0,99.98790676459073
beta,2.0,D,18,,,23,,15.987703644678703,110.0,95.9877036446787
beta,2.0,D,19,,,17,,3.999660979213246,215.0,83.99966097921325
beta,5.0,A,0,3.0,0.0,2,,,,
beta,5.0,A,1,3.0,0.0,2,,,,
beta,5.0,A,2,3.0,0.0,2,,,,
beta,5.0,A,3,3.0,0.0,2,,,,
beta,5.0,A,4,3.0,0.0,2,,,,
beta,5.0,A,5,3.0,0.0,2,,,,
beta,5.0,A,6,3.0,0.0,2,,,,
beta,5.0,A,7,3.0,0.0,2,,,,
beta,5.0,A,8,3.0,0.0,2,,,,
beta,5.0,A,9,3.0,0.0,2,,,,
beta,5.0,A,10,3.0,0.0,2,,,,
beta,5.0,A,11,3.0,0.0,2,,,,
beta,5.0,A,12,3.0,0.0,2,,,,
beta,5.0,A,13,3.0,0.0,2,,,,
beta,5.0,A,14,3.0,0.0,2,,,,
beta,5.0,A,15,3.0,0.0,2,,,,
beta,5.0,A,16,3.0,0.0,2,,,,
beta,5.0,A,17,3.0,0.0,2,,,,
beta,5.0,A,18,3.0,0.0,2,,,,
beta,5.0,A,19,3.0,0.0,2,,,,
beta,5.0,B,0,,,13,0.25,,,
beta,5.0,B,1,,,10,0.15,,,
beta,5.0,B,2,,,11,0.175,,,
beta,5.0,B,3,,,10,0.175,,,
beta,5.0,B,4,,,14,0.25,,,
beta,5.0,B,5,,,12,0.2,,,
beta,5.0,B,6,,,16,0.275,,,
beta,5.0,B,7,,,15,0.275,,,
beta,5.0,B,8,,,14,0.25,,,
beta,5.0,B,9,,,10,0.175,,,
beta,5.0,B,10,,,13,0.225,,,
beta,5.0,B,11,,,11,0.2,,,
beta,5.0,B,12,,,11,0.175,,,
beta,5.0,B,13,,,12,0.225,,,
beta,5.0,B,14,,,13,0.25,,,
beta,5.0,B,15,,,16,0.3,,,
beta,5.0,B,16,,,14,0.275,,,
beta,5.0,B,17,,,9,0.15,,,
beta,5.0,B,18,,,13,0.2,,,
beta,5.0,B,19,,,13,0.225,,,
beta,5.0,C,0,,,18,,5.999999999999972,15.0,85.99999999999997
beta,5.0,C,1,,,18,,5.999999999999972,15.0,85.99999999999997
beta,5.0,C,2,,,18,,5.999999999999972,15.0,85.99999999999997
beta,5.0,C,3,,,18,,5.999999999999972,15.0,85.99999999999997
beta,5.0,C,4,,,18,,5.999999999999972,15.0,85.99999999999997
beta,5.0,C,5,,,18,,5.999999999999972,15.0,85.99999999999997
beta,5.0,C,6,,,18,,5.999999999999972,15.0,85.99999999999997
beta,5.0,C,7,,,18,,5.999999999999972,15.0,85.99999999999997
beta,5.0,C,8,,,18,,5.999999999999972,15.0,85.99999999999997
beta,5.0,C,9,,,18,,5.999999999999972,15.0,85.99999999999997
beta,5.0,C,10,,,18,,5.999999999999972,15.0,85.99999999999997
beta,5.0,C,11,,,18,,5.999999999999972,15.0,85.99999999999997
beta,5.0,C,12,,,18,,5.999999999999972,15.0,85.99999999999997
beta,5.0,C,13,,,18,,5.999999999999972,15.0,85.99999999999997
beta,5.0,C,14,,,18,,5.999999999999972,15.0,85.99999999999997
beta,5.0,C,15,,,18,,5.999999999999972,15.0,85.99999999999997
beta,5.0,C,16,,,18,,5.999999999999972,15.0,85.99999999999997
beta,5.0,C,17,,,18,,5.999999999999972,15.0,85.99999999999997
beta,5.0,C,18,,,18,,5.999999999999972,15.0,85.99999999999997
beta,5.0,C,19,,,18,,5.999999999999972,15.0,85.99999999999997
beta,5.0,D,0,,,28,,25.999999840826575,19.0,105.99999984082658
beta,5.0,D,1,,,19,,7.272738371143447,203.0,87.27273837114345
beta,5.0,D,2,,,17,,3.997387124207492,203.0,83.99738712420749
beta,5.0,D,3,,,26,,21.979278334579845,69.0,101.97927833457985
beta,5.0,D,4,,,27,,23.99998483652746,46.0,103.99998483652746
beta,5.0,D,5,,,21,,11.999997855911005,150.0,91.999997855911
beta,5.0,D,6,,,21,,11.997382079629219,154.0,91.99738207962922
beta,5.0,D,7,,,23,,15.966407679998568,70.0,95.96640767999857
beta,5.0,D,8,,,25,,19.99999999999973,63.0,99.99999999999973
beta,5.0,D,9,,,21,,11.567984184558796,142.0,91.5679841845588
beta,5.0,D,10,,,23,,15.740799904148275,136.0,95.74079990414828
beta,5.0,D,11,,,16,,1.9956407372168314,225.0,81.99564073721683
beta,5.0,D,12,,,23,,15.943806267489578,120.0,95.94380626748958
beta,5.0,D,13,,,8,,14.326622563413054,250.0,65.67337743658695
beta,5.0,D,14,,,21,,11.90611430123964,156.0,91.90611430123964
beta,5.0,D,15,,,24,,17.992734582117208,85.0,97.99273458211721
beta,5.0,D,16,,,24,,18.000000000000014,46.0,98.00000000000001
beta,5.0,D,17,,,25,,19.987906764590733,88.0,99.98790676459073
beta,5.0,D,18,,,23,,15.987703644678703,110.0,95.9877036446787
beta,5.0,D,19,,,18,,5.999660990254867,201.0,85.99966099025487
beta,10.0,A,0,3.0,0.0,2,,,,
beta,10.0,A,1,3.0,0.0,2,,,,
beta,10.0,A,2,3.0,0.0,2,,,,
beta,10.0,A,3,3.0,0.0,2,,,,
beta,10.0,A,4,3.0,0.0,2,,,,
beta,10.0,A,5,3.0,0.0,2,,,,
beta,10.0,A,6,3.0,0.0,2,,,,
beta,10.0,A,7,3.0,0.0,2,,,,
beta,10.0,A,8,3.0,0.0,2,,,,
beta,10.0,A,9,3.0,0.0,2,,,,
beta,10.0,A,10,3.0,0.0,2,,,,
beta,10.0,A,11,3.0,0.0,2,,,,
beta,10.0,A,12,3.0,0.0,2,,,,
beta,10.0,A,13,3.0,0.0,2,,,,
beta,10.0,A,14,3.0,0.0,2,,,,
beta,10.0,A,15,3.0,0.0,2,,,,
beta,10.0,A,16,3.0,0.0,2,,,,
beta,10.0,A,17,3.0,0.0,2,,,,
beta,10.0,A,18,3.0,0.0,2,,,,
beta,10.0,A,19,3.0,0.0,2,,,,
beta,10.0,B,0,,,14,0.275,,,
beta,10.0,B,1,,,11,0.175,,,
beta,10.0,B,2,,,11,0.175,,,
beta,10.0,B,3,,,11,0.2,,,
beta,10.0,B,4,,,14,0.25,,,
beta,10.0,B,5,,,12,0.2,,,
beta,10.0,B,6,,,16,0.275,,,
beta,10.0,B,7,,,15,0.275,,,
beta,10.0,B,8,,,15,0.25,,,
beta,10.0,B,9,,,11,0.2,,,
beta,10.0,B,10,,,13,0.225,,,
beta,10.0,B,11,,,11,0.2,,,
beta,10.0,B,12,,,12,0.2,,,
beta,10.0,B,13,,,12,0.225,,,
beta,10.0,B,14,,,13,0.25,,,
beta,10.0,B,15,,,16,0.3,,,
beta,10.0,B,16,,,14,0.275,,,
beta,10.0,B,17,,,10,0.175,,,
beta,10.0,B,18,,,14,0.225,,,
beta,10.0,B,19,,,13,0.225,,,
beta,10.0,C,0,,,18,,5.999999999999972,15.0,85.99999999999997
beta,10.0,C,1,,,18,,5.999999999999972,15.0,85.99999999999997
beta,10.0,C,2,,,18,,5.999999999999972,15.0,85.99999999999997
beta,10.0,C,3,,,18,,5.999999999999972,15.0,85.99999999999997
beta,10.0,C,4,,,18,,5.999999999999972,15.0,85.99999999999997
beta,10.0,C,5,,,18,,5.999999999999972,15.0,85.99999999999997
beta,10.0,C,6,,,18,,5.999999999999972,15.0,85.99999999999997
beta,10.0,C,7,,,18,,5.999999999999972,15.0,85.99999999999997
beta,10.0,C,8,,,18,,5.999999999999972,15.0,85.99999999999997
beta,10.0,C,9,,,18,,5.999999999999972,15.0,85.99999999999997
beta,10.0,C,10,,,18,,5.999999999999972,15.0,85.99999999999997
beta,10.0,C,11,,,18,,5.999999999999972,15.0,85.99999999999997
beta,10.0,C,12,,,18,,5.999999999999972,15.0,85.99999999999997
beta,10.0,C,13,,,18,,5.999999999999972,15.0,85.99999999999997
beta,10.0,C,14,,,18,,5.999999999999972,15.0,85.99999999999997
beta,10.0,C,15,,,18,,5.999999999999972,15.0,85.99999999999997
beta,10.0,C,16,,,18,,5.999999999999972,15.0,85.99999999999997
beta,10.0,C,17,,,18,,5.999999999999972,15.0,85.99999999999997
beta,10.0,C,18,,,18,,5.999999999999972,15.0,85.99999999999997
beta,10.0,C,19,,,18,,5.999999999999972,15.0,85.99999999999997
beta,10.0,D,0,,,28,,25.999999840826575,19.0,105.99999984082658
beta,10.0,D,1,,,19,,7.272738371143447,203.0,87.27273837114345
beta,10.0,D,2,,,17,,3.997387124207492,203.0,83.99738712420749
beta,10.0,D,3,,,26,,21.979278334579845,69.0,101.97927833457985
beta,10.0,D,4,,,27,,23.99998483652746,46.0,103.99998483652746
beta,10.0,D,5,,,21,,11.999997855911005,150.0,91.999997855911
beta,10.0,D,6,,,21,,11.997382079629219,154.0,91.99738207962922
beta,10.0,D,7,,,23,,15.966407679998568,70.0,95.96640767999857
beta,10.0,D,8,,,25,,19.99999999999973,63.0,99.99999999999973
beta,10.0,D,9,,,21,,11.567984184558796,142.0,91.5679841845588
beta,10.0,D,10,,,23,,15.740799904148275,136.0,95.74079990414828
beta,10.0,D,11,,,16,,1.9956407372168314,225.0,81.99564073721683
beta,10.0,D,12,,,23,,15.943806267489578,120.0,95.94380626748958
beta,10.0,D,13,,,10,,10.32662256341301,250.0,69.67337743658699
beta,10.0,D,14,,,21,,11.90611430123964,156.0,91.90611430123964
beta,10.0,D,15,,,24,,17.992734582117208,85.0,97.99273458211721
beta,10.0,D,16,,,24,,18.000000000000014,46.0,98.00000000000001
beta,10.0,D,17,,,25,,19.987906764590733,88.0,99.98790676459073
beta,10.0,D,18,,,23,,15.987703644678703,110.0,95.9877036446787
beta,10.0,D,19,,,18,,5.999660990254867,201.0,85.99966099025487
W,2.0,A,0,0.0,1.0,0,,,,
W,2.0,A,1,0.0,1.0,0,,,,
W,2.0,A,2,0.0,1.0,0,,,,
W,2.0,A,3,0.0,1.0,0,,,,
W,2.0,A,4,0.0,1.0,0,,,,
W,2.0,A,5,0.0,1.0,0,,,,
W,2.0,A,6,0.0,1.0,0,,,,
W,2.0,A,7,0.0,1.0,0,,,,
W,2.0,A,8,0.0,1.0,0,,,,
W,2.0,A,9,0.0,1.0,0,,,,
W,2.0,A,10,0.0,1.0,0,,,,
W,2.0,A,11,0.0,1.0,0,,,,
W,2.0,A,12,0.0,1.0,0,,,,
W,2.0,A,13,0.0,1.0,0,,,,
W,2.0,A,14,0.0,1.0,0,,,,
W,2.0,A,15,0.0,1.0,0,,,,
W,2.0,A,16,0.0,1.0,0,,,,
W,2.0,A,17,0.0,1.0,0,,,,
W,2.0,A,18,0.0,1.0,0,,,,
W,2.0,A,19,0.0,1.0,0,,,,
W,2.0,B,0,,,7,0.15,,,
W,2.0,B,1,,,4,0.1,,,
W,2.0,B,2,,,4,0.075,,,
W,2.0,B,3,,,8,0.15,,,
W,2.0,B,4,,,9,0.175,,,
W,2.0,B,5,,,8,0.125,,,
W,2.0,B,6,,,9,0.2,,,
W,2.0,B,7,,,11,0.25,,,
W,2.0,B,8,,,8,0.15,,,
W,2.0,B,9,,,5,0.075,,,
W,2.0,B,10,,,8,0.15,,,
W,2.0,B,11,,,4,0.075,,,
W,2.0,B,12,,,6,0.1,,,
W,2.0,B,13,,,9,0.175,,,
W,2.0,B,14,,,8,0.175,,,
W,2.0,B,15,,,9,0.175,,,
W,2.0,B,16,,,7,0.125,,,
W,2.0,B,17,,,5,0.1,,,
W,2.0,B,18,,,6,0.1,,,
W,2.0,B,19,,,5,0.1,,,
W,2.0,C,0,,,1,,28.00000000000002,300.0,51.99999999999998
W,2.0,C,1,,,1,,28.00000000000002,300.0,51.99999999999998
W,2.0,C,2,,,1,,28.00000000000002,300.0,51.99999999999998
W,2.0,C,3,,,1,,28.00000000000002,300.0,51.99999999999998
W,2.0,C,4,,,1,,28.00000000000002,300.0,51.99999999999998
W,2.0,C,5,,,1,,28.00000000000002,300.0,51.99999999999998
W,2.0,C,6,,,1,,28.00000000000002,300.0,51.99999999999998
W,2.0,C,7,,,1,,28.00000000000002,300.0,51.99999999999998
W,2.0,C,8,,,1,,28.00000000000002,300.0,51.99999999999998
W,2.0,C,9,,,1,,28.00000000000002,300.0,51.99999999999998
W,2.0,C,10,,,1,,28.00000000000002,300.0,51.99999999999998
W,2.0,C,11,,,1,,28.00000000000002,300.0,51.99999999999998
W,2.0,C,12,,,1,,28.00000000000002,300.0,51.99999999999998
W,2.0,C,13,,,1,,28.00000000000002,300.0,51.99999999999998
W,2.0,C,14,,,1,,28.00000000000002,300.0,51.99999999999998
W,2.0,C,15,,,1,,28.00000000000002,300.0,51.99999999999998
W,2.0,C,16,,,1,,28.00000000000002,300.0,51.99999999999998
W,2.0,C,17,,,1,,28.00000000000002,300.0,51.99999999999998
W,2.0,C,18,,,1,,28.00000000000002,300.0,51.99999999999998
W,2.0,C,19,,,1,,28.00000000000002,300.0,51.99999999999998
W,2.0,D,0,,,2,,26.000000000000007,250.0,53.99999999999999
W,2.0,D,1,,,5,,20.000005687661705,250.0,59.999994312338295
W,2.0,D,2,,,8,,14.002612138804494,250.0,65.9973878611955
W,2.0,D,3,,,2,,26.000000000000043,250.0,53.99999999999996
W,2.0,D,4,,,1,,28.000000000577487,250.0,51.99999999942251
W,2.0,D,5,,,0,,30.0,250.0,50.0
W,2.0,D,6,,,1,,28.000000000005834,250.0,51.999999999994166
W,2.0,D,7,,,2,,26.000000000001286,250.0,53.999999999998714
W,2.0,D,8,,,7,,16.00000000096601,250.0,63.99999999903399
W,2.0,D,9,,,2,,26.000000000000014,250.0,53.999999999999986
W,2.0,D,10,,,3,,24.72000000000005,250.0,55.27999999999995
W,2.0,D,11,,,1,,28.00000000000002,250.0,51.99999999999998
W,2.0,D,12,,,6,,18.055987200000025,250.0,61.944012799999975
W,2.0,D,13,,,1,,28.000000000207905,250.0,51.999999999792095
W,2.0,D,14,,,6,,18.093876221981496,250.0,61.906123778018504
W,2.0,D,15,,,0,,30.0,250.0,50.0
W,2.0,D,16,,,2,,25.999999999999986,250.0,54.000000000000014
W,2.0,D,17,,,3,,23.999999999999993,250.0,56.00000000000001
W,2.0,D,18,,,3,,24.000203119913387,250.0,55.99979688008661
W,2.0,D,19,,,2,,26.00000000000003,250.0,53.99999999999997
W,3.0,A,0,0.0,1.0,0,,,,
W,3.0,A,1,0.0,1.0,0,,,,
W,3.0,A,2,0.0,1.0,0,,,,
W,3.0,A,3,0.0,1.0,0,,,,
W,3.0,A,4,0.0,1.0,0,,,,
W,3.0,A,5,0.0,1.0,0,,,,
W,3.0,A,6,0.0,1.0,0,,,,
W,3.0,A,7,0.0,1.0,0,,,,
W,3.0,A,8,0.0,1.0,0,,,,
W,3.0,A,9,0.0,1.0,0,,,,
W,3.0,A,10,0.0,1.0,0,,,,
W,3.0,A,11,0.0,1.0,0,,,,
W,3.0,A,12,0.0,1.0,0,,,,
W,3.0,A,13,0.0,1.0,0,,,,
W,3.0,A,14,0.0,1.0,0,,,,
W,3.0,A,15,0.0,1.0,0,,,,
W,3.0,A,16,0.0,1.0,0,,,,
W,3.0,A,17,0.0,1.0,0,,,,
W,3.0,A,18,0.0,1.0,0,,,,
W,3.0,A,19,0.0,1.0,0,,,,
W,3.0,B,0,,,11,0.225,,,
W,3.0,B,1,,,6,0.125,,,
W,3.0,B,2,,,10,0.175,,,
W,3.0,B,3,,,9,0.175,,,
W,3.0,B,4,,,9,0.175,,,
W,3.0,B,5,,,9,0.15,,,
W,3.0,B,6,,,12,0.25,,,
W,3.0,B,7,,,11,0.25,,,
W,3.0,B,8,,,12,0.25,,,
W,3.0,B,9,,,8,0.125,,,
W,3.0,B,10,,,8,0.15,,,
W,3.0,B,11,,,8,0.15,,,
W,3.0,B,12,,,8,0.1,,,
W,3.0,B,13,,,9,0.175,,,
W,3.0,B,14,,,10,0.2,,,
W,3.0,B,15,,,12,0.225,,,
W,3.0,B,16,,,9,0.175,,,
W,3.0,B,17,,,6,0.125,,,
W,3.0,B,18,,,11,0.2,,,
W,3.0,B,19,,,7,0.15,,,
W,3.0,C,0,,,18,,5.999999999999957,16.0,85.99999999999996
W,3.0,C,1,,,18,,5.999999999999957,16.0,85.99999999999996
W,3.0,C,2,,,18,,5.999999999999957,16.0,85.99999999999996
W,3.0,C,3,,,18,,5.999999999999957,16.0,85.99999999999996
W,3.0,C,4,,,18,,5.999999999999957,16.0,85.99999999999996
W,3.0,C,5,,,18,,5.999999999999957,16.0,85.99999999999996
W,3.0,C,6,,,18,,5.999999999999957,16.0,85.99999999999996
W,3.0,C,7,,,18,,5.999999999999957,16.0,85.99999999999996
W,3.0,C,8,,,18,,5.999999999999957,16.0,85.99999999999996
W,3.0,C,9,,,18,,5.999999999999957,16.0,85.99999999999996
W,3.0,C,10,,,18,,5.999999999999957,16.0,85.99999999999996
W,3.0,C,11,,,18,,5.999999999999957,16.0,85.99999999999996
W,3.0,C,12,,,18,,5.999999999999957,16.0,85.99999999999996
W,3.0,C,13,,,18,,5.999999999999957,16.0,85.99999999999996
W,3.0,C,14,,,18,,5.999999999999957,16.0,85.99999999999996
W,3.0,C,15,,,18,,5.999999999999957,16.0,85.99999999999996
W,3.0,C,16,,,18,,5.999999999999957,16.0,85.99999999999996
W,3.0,C,17,,,18,,5.999999999999957,16.0,85.99999999999996
W,3.0,C,18,,,18,,5.999999999999957,16.0,85.99999999999996
W,3.0,C,19,,,18,,5.999999999999957,16.0,85.99999999999996
W,3.0,D,0,,,5,,20.0,250.0,60.0
W,3.0,D,1,,,7,,16.000005729469542,250.0,63.99999427053046
W,3.0,D,2,,,6,,18.002612875717567,250.0,61.99738712428243
W,3.0,D,3,,,7,,16.020719618437347,250.0,63.97928038156265
W,3.0,D,4,,,4,,22.000005686635134,250.0,57.999994313364866
W,3.0,D,5,,,1,,28.00000000000002,250.0,51.99999999999998
W,3.0,D,6,,,1,,28.000000000005834,250.0,51.999999999994166
W,3.0,D,7,,,8,,14.033592320001276,250.0,65.96640767999872
W,3.0,D,8,,,13,,4.000000000001705,250.0,75.9999999999983
W,3.0,D,9,,,12,,6.432218914517804,250.0,73.5677810854822
W,3.0,D,10,,,10,,10.720000100306194,250.0,69.2799998996938
W,3.0,D,11,,,9,,12.000000000124814,250.0,67.99999999987519
W,3.0,D,12,,,9,,12.409439569969209,250.0,67.59056043003079
W,3.0,D,13,,,2,,26.00000000020792,250.0,53.99999999979208
W,3.0,D,14,,,14,,2.093885756062676,250.0,77.90611424393732
W,3.0,D,15,,,5,,20.000000000000085,250.0,59.999999999999915
W,3.0,D,16,,,3,,24.000000000000007,250.0,55.99999999999999
W,3.0,D,17,,,16,,1.906687733398627,219.0,81.90668773339863
W,3.0,D,18,,,5,,20.0002031201213,250.0,59.9997968798787
W,3.0,D,19,,,3,,24.000338533188902,250.0,55.9996614668111
W,5.0,A,0,3.0,0.0,1,,,,
W,5.0,A,1,3.0,0.0,1,,,,
W,5.0,A,2,3.0,0.0,1,,,,
W,5.0,A,3,3.0,0.0,1,,,,
W,5.0,A,4,3.0,0.0,1,,,,
W,5.0,A,5,3.0,0.0,1,,,,
W,5.0,A,6,3.0,0.0,1,,,,
W,5.0,A,7,3.0,0.0,1,,,,
W,5.0,A,8,3.0,0.0,1,,,,
W,5.0,A,9,3.0,0.0,1,,,,
W,5.0,A,10,3.0,0.0,1,,,,
W,5.0,A,11,3.0,0.0,1,,,,
W,5.0,A,12,3.0,0.0,1,,,,
W,5.0,A,13,3.0,0.0,1,,,,
W,5.0,A,14,3.0,0.0,1,,,,
W,5.0,A,15,3.0,0.0,1,,,,
W,5.0,A,16,3.0,0.0,1,,,,
W,5.0,A,17,3.0,0.0,1,,,,
W,5.0,A,18,3.0,0.0,1,,,,
W,5.0,A,19,3.0,0.0,1,,,,
W,5.0,B,0,,,11,0.2,,,
W,5.0,B,1,,,8,0.15,,,
W,5.0,B,2,,,9,0.15,,,
W,5.0,B,3,,,9,0.175,,,
W,5.0,B,4,,,13,0.225,,,
W,5.0,B,5,,,10,0.175,,,
W,5.0,B,6,,,13,0.225,,,
W,5.0,B,7,,,13,0.25,,,
W,5.0,B,8,,,12,0.225,,,
W,5.0,B,9,,,8,0.125,,,
W,5.0,B,10,,,10,0.175,,,
W,5.0,B,11,,,9,0.175,,,
W,5.0,B,12,,,10,0.15,,,
W,5.0,B,13,,,11,0.2,,,
W,5.0,B,14,,,13,0.25,,,
W,5.0,B,15,,,15,0.275,,,
W,5.0,B,16,,,13,0.25,,,
W,5.0,B,17,,,8,0.15,,,
W,5.0,B,18,,,12,0.2,,,
W,5.0,B,19,,,9,0.175,,,
W,5.0,C,0,,,18,,5.999999999999972,15.0,85.99999999999997
W,5.0,C,1,,,18,,5.999999999999972,15.0,85.99999999999997
W,5.0,C,2,,,18,,5.999999999999972,15.0,85.99999999999997
W,5.0,C,3,,,18,,5.999999999999972,15.0,85.99999999999997
W,5.0,C,4,,,18,,5.999999999999972,15.0,85.99999999999997
W,5.0,C,5,,,18,,5.999999999999972,15.0,85.99999999999997
W,5.0,C,6,,,18,,5.999999999999972,15.0,85.99999999999997
W,5.0,C,7,,,18,,5.999999999999972,15.0,85.99999999999997
W,5.0,C,8,,,18,,5.999999999999972,15.0,85.99999999999997
W,5.0,C,9,,,18,,5.999999999999972,15.0,85.99999999999997
W,5.0,C,10,,,18,,5.999999999999972,15.0,85.99999999999997
W,5.0,C,11,,,18,,5.999999999999972,15.0,85.99999999999997
W,5.0,C,12,,,18,,5.999999999999972,15.0,85.99999999999997
W,5.0,C,13,,,18,,5.999999999999972,15.0,85.99999999999997
W,5.0,C,14,,,18,,5.999999999999972,15.0,85.99999999999997
W,5.0,C,15,,,18,,5.999999999999972,15.0,85.99999999999997
W,5.0,C,16,,,18,,5.999999999999972,15.0,85.99999999999997
W,5.0,C,17,,,18,,5.999999999999972,15.0,85.99999999999997
W,5.0,C,18,,,18,,5.999999999999972,15.0,85.99999999999997
W,5.0,C,19,,,18,,5.999999999999972,15.0,85.99999999999997
W,5.0,D,0,,,24,,17.999999840826746,105.0,97.99999984082675
W,5.0,D,1,,,19,,7.272738371143447,203.0,87.27273837114345
W,5.0,D,2,,,21,,11.99738712420752,157.0,91.99738712420752
W,5.0,D,3,,,20,,9.979278334579732,180.0,89.97927833457973
W,5.0,D,4,,,21,,11.992728895437338,172.0,91.99272889543734
W,5.0,D,5,,,21,,11.999997855911005,150.0,91.999997855911
W,5.0,D,6,,,21,,11.997382079629219,154.0,91.99738207962922
W,5.0,D,7,,,20,,9.966407679998625,119.0,89.96640767999862
W,5.0,D,8,,,24,,17.999999997326213,95.0,97.99999999732621
W,5.0,D,9,,,19,,7.567984184558767,173.0,87.56798418455877
W,5.0,D,10,,,23,,15.740799899692462,138.0,95.74079989969246
W,5.0,D,11,,,16,,1.9956407372168314,225.0,81.99564073721683
W,5.0,D,12,,,22,,13.943806171985713,136.0,93.94380617198571
W,5.0,D,13,,,3,,24.00000000020794,250.0,55.99999999979206
W,5.0,D,14,,,22,,13.906114301239697,154.0,93.9061143012397
W,5.0,D,15,,,17,,3.992734582117052,191.0,83.99273458211705
W,5.0,D,16,,,19,,8.0,140.0,88.0
W,5.0,D,17,,,23,,15.987903352956238,126.0,95.98790335295624
W,5.0,D,18,,,24,,17.987703644678618,110.0,97.98770364467862
W,5.0,D,19,,,8,,14.007594916483711,250.0,65.99240508351629
W,7.0,A,0,3.0,0.0,1,,,,
W,7.0,A,1,3.0,0.0,1,,,,
W,7.0,A,2,3.0,0.0,1,,,,
W,7.0,A,3,3.0,0.0,1,,,,
W,7.0,A,4,3.0,0.0,1,,,,
W,7.0,A,5,3.0,0.0,1,,,,
W,7.0,A,6,3.0,0.0,1,,,,
W,7.0,A,7,3.0,0.0,1,,,,
W,7.0,A,8,3.0,0.0,1,,,,
W,7.0,A,9,3.0,0.0,1,,,,
W,7.0,A,10,3.0,0.0,1,,,,
W,7.0,A,11,3.0,0.0,1,,,,
W,7.0,A,12,3.0,0.0,1,,,,
W,7.0,A,13,3.0,0.0,1,,,,
W,7.0,A,14,3.0,0.0,1,,,,
W,7.0,A,15,3.0,0.0,1,,,,
W,7.0,A,16,3.0,0.0,1,,,,
W,7.0,A,17,3.0,0.0,1,,,,
W,7.0,A,18,3.0,0.0,1,,,,
W,7.0,A,19,3.0,0.0,1,,,,
W,7.0,B,0,,,13,0.225,,,
W,7.0,B,1,,,10,0.175,,,
W,7.0,B,2,,,10,0.15,,,
W,7.0,B,3,,,13,0.25,,,
W,7.0,B,4,,,13,0.225,,,
W,7.0,B,5,,,12,0.2,,,
W,7.0,B,6,,,14,0.225,,,
W,7.0,B,7,,,14,0.275,,,
W,7.0,B,8,,,13,0.225,,,
W,7.0,B,9,,,12,0.2,,,
W,7.0,B,10,,,11,0.2,,,
W,7.0,B,11,,,11,0.2,,,
W,7.0,B,12,,,11,0.175,,,
W,7.0,B,13,,,11,0.175,,,
W,7.0,B,14,,,12,0.2,,,
W,7.0,B,15,,,14,0.25,,,
W,7.0,B,16,,,14,0.275,,,
W,7.0,B,17,,,10,0.175,,,
W,7.0,B,18,,,12,0.2,,,
W,7.0,B,19,,,13,0.225,,,
W,7.0,C,0,,,19,,7.999999999999986,15.0,87.99999999999999
W,7.0,C,1,,,19,,7.999999999999986,15.0,87.99999999999999
W,7.0,C,2,,,19,,7.999999999999986,15.0,87.99999999999999
W,7.0,C,3,,,19,,7.999999999999986,15.0,87.99999999999999
W,7.0,C,4,,,19,,7.999999999999986,15.0,87.99999999999999
W,7.0,C,5,,,19,,7.999999999999986,15.0,87.99999999999999
W,7.0,C,6,,,19,,7.999999999999986,15.0,87.99999999999999
W,7.0,C,7,,,19,,7.999999999999986,15.0,87.99999999999999
W,7.0,C,8,,,19,,7.999999999999986,15.0,87.99999999999999
W,7.0,C,9,,,19,,7.999999999999986,15.0,87.99999999999999
W,7.0,C,10,,,19,,7.999999999999986,15.0,87.99999999999999
W,7.0,C,11,,,19,,7.999999999999986,15.0,87.99999999999999
W,7.0,C,12,,,19,,7.999999999999986,15.0,87.99999999999999
W,7.0,C,13,,,19,,7.999999999999986,15.0,87.99999999999999
W,7.0,C,14,,,19,,7.999999999999986,15.0,87.99999999999999
W,7.0,C,15,,,19,,7.999999999999986,15.0,87.99999999999999
W,7.0,C,16,,,19,,7.999999999999986,15.0,87.99999999999999
W,7.0,C,17,,,19,,7.999999999999986,15.0,87.99999999999999
W,7.0,C,18,,,19,,7.999999999999986,15.0,87.99999999999999
W,7.0,C,19,,,19,,7.999999999999986,15.0,87.99999999999999
W,7.0,D,0,,,29,,27.999999840820877,16.0,107.99999984082088
W,7.0,D,1,,,27,,23.27999431226351,31.0,103.27999431226351
W,7.0,D,2,,,27,,23.997387124282383,55.0,103.99738712428238
W,7.0,D,3,,,31,,31.97928037363903,16.0,111.97928037363903
W,7.0,D,4,,,28,,25.999994313364923,42.0,105.99999431336492
W,7.0,D,5,,,24,,17.999999902891872,85.0,97.99999990289187
W,7.0,D,6,,,29,,27.997387595833203,22.0,107.9973875958332
W,7.0,D,7,,,27,,23.999999263085684,43.0,103.99999926308568
W,7.0,D,8,,,29,,28.0,21.0,108.0
W,7.0,D,9,,,25,,19.56798414788527,134.0,99.56798414788527
W,7.0,D,10,,,28,,25.27999999554416,17.0,105.27999999554416
W,7.0,D,11,,,24,,17.99999430948293,122.0,97.99999430948293
W,7.0,D,12,,,29,,27.73985962990612,27.0,107.73985962990612
W,7.0,D,13,,,27,,23.992744058672088,17.0,103.99274405867209
W,7.0,D,14,,,28,,25.999426301239666,63.0,105.99942630123967
W,7.0,D,15,,,29,,27.99999052323726,46.0,107.99999052323726
W,7.0,D,16,,,24,,18.000000000000085,44.0,98.00000000000009
W,7.0,D,17,,,29,,27.987906764798723,23.0,107.98790676479872
W,7.0,D,18,,,24,,17.999796879878886,90.0,97.99979687987889
W,7.0,D,19,,,20,,9.999661432333781,199.0,89.99966143233378
W,10.0,A,0,5.0,0.0,2,,,,
W,10.0,A,1,5.0,0.0,2,,,,
W,10.0,A,2,5.0,0.0,2,,,,
W,10.0,A,3,5.0,0.0,2,,,,
W,10.0,A,4,5.0,0.0,2,,,,
W,10.0,A,5,5.0,0.0,2,,,,
W,10.0,A,6,5.0,0.0,2,,,,
W,10.0,A,7,5.0,0.0,2,,,,
W,10.0,A,8,5.0,0.0,2,,,,
W,10.0,A,9,5.0,0.0,2,,,,
W,10.0,A,10,5.0,0.0,2,,,,
W,10.0,A,11,5.0,0.0,2,,,,
W,10.0,A,12,5.0,0.0,2,,,,
W,10.0,A,13,5.0,0.0,2,,,,
W,10.0,A,14,5.0,0.0,2,,,,
W,10.0,A,15,5.0,0.0,2,,,,
W,10.0,A,16,5.0,0.0,2,,,,
W,10.0,A,17,5.0,0.0,2,,,,
W,10.0,A,18,5.0,0.0,2,,,,
W,10.0,A,19,5.0,0.0,2,,,,
W,10.0,B,0,,,14,0.25,,,
W,10.0,B,1,,,13,0.225,,,
W,10.0,B,2,,,15,0.25,,,
W,10.0,B,3,,,14,0.275,,,
W,10.0,B,4,,,15,0.25,,,
W,10.0,B,5,,,12,0.2,,,
W,10.0,B,6,,,15,0.25,,,
W,10.0,B,7,,,15,0.3,,,
W,10.0,B,8,,,15,0.275,,,
W,10.0,B,9,,,14,0.25,,,
W,10.0,B,10,,,14,0.25,,,
W,10.0,B,11,,,13,0.225,,,
W,10.0,B,12,,,15,0.275,,,
W,10.0,B,13,,,13,0.2,,,
W,10.0,B,14,,,15,0.275,,,
W,10.0,B,15,,,17,0.3,,,
W,10.0,B,16,,,17,0.325,,,
W,10.0,B,17,,,12,0.225,,,
W,10.0,B,18,,,12,0.175,,,
W,10.0,B,19,,,14,0.25,,,
W,10.0,C,0,,,20,,10.0,15.0,90.0
W,10.0,C,1,,,20,,10.0,15.0,90.0
W,10.0,C,2,,,20,,10.0,15.0,90.0
W,10.0,C,3,,,20,,10.0,15.0,90.0
W,10.0,C,4,,,20,,10.0,15.0,90.0
W,10.0,C,5,,,20,,10.0,15.0,90.0
W,10.0,C,6,,,20,,10.0,15.0,90.0
W,10.0,C,7,,,20,,10.0,15.0,90.0
W,10.0,C,8,,,20,,10.0,15.0,90.0
W,10.0,C,9,,,20,,10.0,15.0,90.0
W,10.0,C,10,,,20,,10.0,15.0,90.0
W,10.0,C,11,,,20,,10.0,15.0,90.0
W,10.0,C,12,,,20,,10.0,15.0,90.0
W,10.0,C,13,,,20,,10.0,15.0,90.0
W,10.0,C,14,,,20,,10.0,15.0,90.0
W,10.0,C,15,,,20,,10.0,15.0,90.0
W,10.0,C,16,,,20,,10.0,15.0,90.0
W,10.0,C,17,,,20,,10.0,15.0,90.0
W,10.0,C,18,,,20,,10.0,15.0,90.0
W,10.0,C,19,,,20,,10.0,15.0,90.0
W,10.0,D,0,,,29,,27.999999840820948,15.0,107.99999984082095
W,10.0,D,1,,,29,,27.27999431226354,22.0,107.27999431226354
W,10.0,D,2,,,30,,29.99738712428247,24.0,109.99738712428247
W,10.0,D,3,,,29,,27.979280386016356,16.0,107.97928038601636
W,10.0,D,4,,,30,,29.99998483660211,21.0,109.99998483660211
W,10.0,D,5,,,28,,25.99999999839588,16.0,105.99999999839588
W,10.0,D,6,,,29,,27.997387595833075,19.0,107.99738759583308
W,10.0,D,7,,,29,,27.999999999998792,18.0,107.99999999999879
W,10.0,D,8,,,28,,26.00000000000003,19.0,106.00000000000003
W,10.0,D,9,,,28,,25.999984204433048,31.0,105.99998420443305
W,10.0,D,10,,,29,,27.279999995544102,16.0,107.2799999955441
W,10.0,D,11,,,28,,25.999994309483057,22.0,105.99999430948306
W,10.0,D,12,,,29,,27.999056218271605,18.0,107.9990562182716
W,10.0,D,13,,,27,,23.999999999792024,17.0,103.99999999979202
W,10.0,D,14,,,31,,31.99942630123951,16.0,111.99942630123951
W,10.0,D,15,,,29,,27.99999052323733,44.0,107.99999052323733
W,10.0,D,16,,,26,,21.999999999999986,43.0,101.99999999999999
W,10.0,D,17,,,30,,29.99999999999868,17.0,109.99999999999868
W,10.0,D,18,,,29,,27.999796879124204,17.0,107.9997968791242
W,10.0,D,19,,,25,,19.999661024636254,149.0,99.99966102463625
W,15.0,A,0,8.0,0.0,3,,,,
W,15.0,A,1,8.0,0.0,3,,,,
W,15.0,A,2,8.0,0.0,3,,,,
W,15.0,A,3,8.0,0.0,3,,,,
W,15.0,A,4,8.0,0.0,3,,,,
W,15.0,A,5,8.0,0.0,3,,,,
W,15.0,A,6,8.0,0.0,3,,,,
W,15.0,A,7,8.0,0.0,3,,,,
W,15.0,A,8,8.0,0.0,3,,,,
W,15.0,A,9,8.0,0.0,3,,,,
W,15.0,A,10,8.0,0.0,3,,,,
W,15.0,A,11,8.0,0.0,3,,,,
W,15.0,A,12,8.0,0.0,3,,,,
W,15.0,A,13,8.0,0.0,3,,,,
W,15.0,A,14,8.0,0.0,3,,,,
W,15.0,A,15,8.0,0.0,3,,,,
W,15.0,A,16,8.0,0.0,3,,,,
W,15.0,A,17,8.0,0.0,3,,,,
W,15.0,A,18,8.0,0.0,3,,,,
W,15.0,A,19,8.0,0.0,3,,,,
W,15.0,B,0,,,15,0.25,,,
W,15.0,B,1,,,14,0.25,,,
W,15.0,B,2,,,17,0.3,,,
W,15.0,B,3,,,18,0.375,,,
W,15.0,B,4,,,16,0.275,,,
W,15.0,B,5,,,17,0.325,,,
W,15.0,B,6,,,18,0.325,,,
W,15.0,B,7,,,16,0.325,,,
W,15.0,B,8,,,15,0.275,,,
W,15.0,B,9,,,17,0.3,,,
W,15.0,B,10,,,15,0.25,,,
W,15.0,B,11,,,16,0.3,,,
W,15.0,B,12,,,15,0.25,,,
W,15.0,B,13,,,14,0.225,,,
W,15.0,B,14,,,14,0.25,,,
W,15.0,B,15,,,18,0.325,,,
W,15.0,B,16,,,19,0.35,,,
W,15.0,B,17,,,12,0.225,,,
W,15.0,B,18,,,16,0.275,,,
W,15.0,B,19,,,15,0.275,,,
W,15.0,C,0,,,22,,14.000000000000014,15.0,94.00000000000001
W,15.0,C,1,,,22,,14.000000000000014,15.0,94.00000000000001
W,15.0,C,2,,,22,,14.000000000000014,15.0,94.00000000000001
W,15.0,C,3,,,22,,14.000000000000014,15.0,94.00000000000001
W,15.0,C,4,,,22,,14.000000000000014,15.0,94.00000000000001
W,15.0,C,5,,,22,,14.000000000000014,15.0,94.00000000000001
W,15.0,C,6,,,22,,14.000000000000014,15.0,94.00000000000001
W,15.0,C,7,,,22,,14.000000000000014,15.0,94.00000000000001
W,15.0,C,8,,,22,,14.000000000000014,15.0,94.00000000000001
W,15.0,C,9,,,22,,14.000000000000014,15.0,94.00000000000001
W,15.0,C,10,,,22,,14.000000000000014,15.0,94.00000000000001
W,15.0,C,11,,,22,,14.000000000000014,15.0,94.00000000000001
W,15.0,C,12,,,22,,14.000000000000014,15.0,94.00000000000001
W,15.0,C,13,,,22,,14.000000000000014,15.0,94.00000000000001
W,15.0,C,14,,,22,,14.000000000000014,15.0,94.00000000000001
W,15.0,C,15,,,22,,14.000000000000014,15.0,94.00000000000001
W,15.0,C,16,,,22,,14.000000000000014,15.0,94.00000000000001
W,15.0,C,17,,,22,,14.000000000000014,15.0,94.00000000000001
W,15.0,C,18,,,22,,14.000000000000014,15.0,94.00000000000001
W,15.0,C,19,,,22,,14.000000000000014,15.0,94.00000000000001
W,15.0,D,0,,,29,,27.999999840826717,15.0,107.99999984082672
W,15.0,D,1,,,30,,29.279994312338104,19.0,109.2799943123381
W,15.0,D,2,,,29,,27.997387124282255,23.0,107.99738712428226
W,15.0,D,3,,,30,,29.999435778016405,16.0,109.9994357780164
W,15.0,D,4,,,29,,27.999984837104904,18.0,107.9999848371049
W,15.0,D,5,,,29,,27.999999998395822,16.0,107.99999999839582
W,15.0,D,6,,,28,,25.997387861196614,18.0,105.99738786119661
W,15.0,D,7,,,29,,27.99999999999868,16.0,107.99999999999868
W,15.0,D,8,,,29,,27.844479997326218,19.0,107.84447999732622
W,15.0,D,9,,,27,,23.999984204433076,31.0,103.99998420443308
W,15.0,D,10,,,29,,27.27999999554413,16.0,107.27999999554413
W,15.0,D,11,,,29,,27.999994313942295,17.0,107.9999943139423
W,15.0,D,12,,,28,,25.99905962990603,18.0,105.99905962990603
W,15.0,D,13,,,27,,23.999999999792024,17.0,103.99999999979202
W,15.0,D,14,,,31,,31.99943577800242,16.0,111.99943577800242
W,15.0,D,15,,,29,,27.9999905232374,21.0,107.9999905232374
W,15.0,D,16,,,25,,19.999999999999844,36.0,99.99999999999984
W,15.0,D,17,,,30,,29.987906764798737,17.0,109.98790676479874
W,15.0,D,18,,,29,,27.99979687912419,16.0,107.99979687912419
W,15.0,D,19,,,27,,23.999999999999986,23.0,103.99999999999999
W,20.0,A,0,13.0,0.0,5,,,,
W,20.0,A,1,13.0,0.0,5,,,,
W,20.0,A,2,13.0,0.0,5,,,,
W,20.0,A,3,13.0,0.0,5,,,,
W,20.0,A,4,13.0,0.0,5,,,,
W,20.0,A,5,13.0,0.0,5,,,,
W,20.0,A,6,13.0,0.0,5,,,,
W,20.0,A,7,13.0,0.0,5,,,,
W,20.0,A,8,13.0,0.0,5,,,,
W,20.0,A,9,13.0,0.0,5,,,,
W,20.0,A,10,13.0,0.0,5,,,,
W,20.0,A,11,13.0,0.0,5,,,,
W,20.0,A,12,13.0,0.0,5,,,,
W,20.0,A,13,13.0,0.0,5,,,,
W,20.0,A,14,13.0,0.0,5,,,,
W,20.0,A,15,13.0,0.0,5,,,,
W,20.0,A,16,13.0,0.0,5,,,,
W,20.0,A,17,13.0,0.0,5,,,,
W,20.0,A,18,13.0,0.0,5,,,,
W,20.0,A,19,13.0,0.0,5,,,,
W,20.0,B,0,,,18,0.325,,,
W,20.0,B,1,,,15,0.275,,,
W,20.0,B,2,,,20,0.375,,,
W,20.0,B,3,,,20,0.4,,,
W,20.0,B,4,,,20,0.375,,,
W,20.0,B,5,,,19,0.4,,,
W,20.0,B,6,,,21,0.4,,,
W,20.0,B,7,,,18,0.375,,,
W,20.0,B,8,,,18,0.35,,,
W,20.0,B,9,,,19,0.35,,,
W,20.0,B,10,,,16,0.275,,,
W,20.0,B,11,,,17,0.325,,,
W,20.0,B,12,,,15,0.25,,,
W,20.0,B,13,,,17,0.3,,,
W,20.0,B,14,,,17,0.325,,,
W,20.0,B,15,,,20,0.375,,,
W,20.0,B,16,,,22,0.425,,,
W,20.0,B,17,,,20,0.4,,,
W,20.0,B,18,,,16,0.275,,,
W,20.0,B,19,,,15,0.275,,,
W,20.0,C,0,,,23,,16.0,15.0,96.0
W,20.0,C,1,,,23,,16.0,15.0,96.0
W,20.0,C,2,,,23,,16.0,15.0,96.0
W,20.0,C,3,,,23,,16.0,15.0,96.0
W,20.0,C,4,,,23,,16.0,15.0,96.0
W,20.0,C,5,,,23,,16.0,15.0,96.0
W,20.0,C,6,,,23,,16.0,15.0,96.0
W,20.0,C,7,,,23,,16.0,15.0,96.0
W,20.0,C,8,,,23,,16.0,15.0,96.0
W,20.0,C,9,,,23,,16.0,15.0,96.0
W,20.0,C,10,,,23,,16.0,15.0,96.0
W,20.0,C,11,,,23,,16.0,15.0,96.0
W,20.0,C,12,,,23,,16.0,15.0,96.0
W,20.0,C,13,,,23,,16.0,15.0,96.0
W,20.0,C,14,,,23,,16.0,15.0,96.0
W,20.0,C,15,,,23,,16.0,15.0,96.0
W,20.0,C,16,,,23,,16.0,15.0,96.0
W,20.0,C,17,,,23,,16.0,15.0,96.0
W,20.0,C,18,,,23,,16.0,15.0,96.0
W,20.0,C,19,,,23,,16.0,15.0,96.0
W,20.0,D,0,,,31,,31.999999840820877,15.0,111.99999984082088
W,20.0,D,1,,,30,,29.279999557851937,18.0,109.27999955785194
W,20.0,D,2,,,29,,27.99999926308557,22.0,107.99999926308557
W,20.0,D,3,,,29,,27.999435778016434,16.0,107.99943577801643
W,20.0,D,4,,,29,,27.99999431386763,18.0,107.99999431386763
W,20.0,D,5,,,29,,27.99999999839575,16.0,107.99999999839575
W,20.0,D,6,,,28,,25.99738786119657,18.0,105.99738786119657
W,20.0,D,7,,,30,,29.999999999998664,16.0,109.99999999999866
W,20.0,D,8,,,29,,27.99999999999997,19.0,107.99999999999997
W,20.0,D,9,,,27,,23.999999999037612,27.0,103.99999999903761
W,20.0,D,10,,,29,,27.2800000000001,16.0,107.2800000000001
W,20.0,D,11,,,30,,29.999994313938856,16.0,109.99999431393886
W,20.0,D,12,,,28,,25.99905962990617,18.0,105.99905962990617
W,20.0,D,13,,,27,,23.999999999792138,17.0,103.99999999979214
W,20.0,D,14,,,31,,31.999435778002322,15.0,111.99943577800232
W,20.0,D,15,,,29,,27.99999052323733,20.0,107.99999052323733
W,20.0,D,16,,,26,,21.999999999999957,36.0,101.99999999999996
W,20.0,D,17,,,30,,29.906687999998752,17.0,109.90668799999875
W,20.0,D,18,,,30,,29.999796880086762,16.0,109.99979688008676
W,20.0,D,19,,,28,,25.568000000000012,23.0,105.56800000000001
W,30.0,A,0,18.0,0.0,7,,,,
W,30.0,A,1,18.0,0.0,7,,,,
W,30.0,A,2,18.0,0.0,7,,,,
W,30.0,A,3,18.0,0.0,7,,,,
W,30.0,A,4,18.0,0.0,7,,,,
W,30.0,A,5,18.0,0.0,7,,,,
W,30.0,A,6,18.0,0.0,7,,,,
W,30.0,A,7,18.0,0.0,7,,,,
W,30.0,A,8,18.0,0.0,7,,,,
W,30.0,A,9,18.0,0.0,7,,,,
W,30.0,A,10,18.0,0.0,7,,,,
W,30.0,A,11,18.0,0.0,7,,,,
W,30.0,A,12,18.0,0.0,7,,,,
W,30.0,A,13,18.0,0.0,7,,,,
W,30.0,A,14,18.0,0.0,7,,,,
W,30.0,A,15,18.0,0.0,7,,,,
W,30.0,A,16,18.0,0.0,7,,,,
W,30.0,A,17,18.0,0.0,7,,,,
W,30.0,A,18,18.0,0.0,7,,,,
W,30.0,A,19,18.0,0.0,7,,,,
W,30.0,B,0,,,20,0.375,,,
W,30.0,B,1,,,23,0.475,,,
W,30.0,B,2,,,24,0.5,,,
W,30.0,B,3,,,24,0.5,,,
W,30.0,B,4,,,23,0.45,,,
W,30.0,B,5,,,27,0.575,,,
W,30.0,B,6,,,23,0.45,,,
W,30.0,B,7,,,20,0.425,,,
W,30.0,B,8,,,22,0.45,,,
W,30.0,B,9,,,24,0.475,,,
W,30.0,B,10,,,22,0.425,,,
W,30.0,B,11,,,26,0.55,,,
W,30.0,B,12,,,22,0.425,,,
W,30.0,B,13,,,22,0.425,,,
W,30.0,B,14,,,22,0.45,,,
W,30.0,B,15,,,25,0.5,,,
W,30.0,B,16,,,27,0.55,,,
W,30.0,B,17,,,25,0.525,,,
W,30.0,B,18,,,22,0.425,,,
W,30.0,B,19,,,21,0.425,,,
W,30.0,C,0,,,25,,20.00000000000003,15.0,100.00000000000003
W,30.0,C,1,,,25,,20.00000000000003,15.0,100.00000000000003
W,30.0,C,2,,,25,,20.00000000000003,15.0,100.00000000000003
W,30.0,C,3,,,25,,20.00000000000003,15.0,100.00000000000003
W,30.0,C,4,,,25,,20.00000000000003,15.0,100.00000000000003
W,30.0,C,5,,,25,,20.00000000000003,15.0,100.00000000000003
W,30.0,C,6,,,25,,20.00000000000003,15.0,100.00000000000003
W,30.0,C,7,,,25,,20.00000000000003,15.0,100.00000000000003
W,30.0,C,8,,,25,,20.00000000000003,15.0,100.00000000000003
W,30.0,C,9,,,25,,20.00000000000003,15.0,100.00000000000003
W,30.0,C,10,,,25,,20.00000000000003,15.0,100.00000000000003
W,30.0,C,11,,,25,,20.00000000000003,15.0,100.00000000000003
W,30.0,C,12,,,25,,20.00000000000003,15.0,100.00000000000003
W,30.0,C,13,,,25,,20.00000000000003,15.0,100.00000000000003
W,30.0,C,14,,,25,,20.00000000000003,15.0,100.00000000000003
W,30.0,C,15,,,25,,20.00000000000003,15.0,100.00000000000003
W,30.0,C,16,,,25,,20.00000000000003,15.0,100.00000000000003
W,30.0,C,17,,,25,,20.00000000000003,15.0,100.00000000000003
W,30.0,C,18,,,25,,20.00000000000003,15.0,100.00000000000003
W,30.0,C,19,,,25,,20.00000000000003,15.0,100.00000000000003
W,30.0,D,0,,,30,,29.99999984082673,15.0,109.99999984082673
W,30.0,D,1,,,30,,29.999994312338373,18.0,109.99999431233837
W,30.0,D,2,,,31,,31.999999263086877,21.0,111.99999926308688
W,30.0,D,3,,,30,,29.99943577801632,16.0,109.99943577801632
W,30.0,D,4,,,31,,31.999990522659857,18.0,111.99999052265986
W,30.0,D,5,,,30,,29.999999998395822,17.0,109.99999999839582
W,30.0,D,6,,,30,,29.99999999999976,18.0,109.99999999999976
W,30.0,D,7,,,28,,25.99999999999882,16.0,105.99999999999882
W,30.0,D,8,,,29,,28.000000000000057,19.0,108.00000000000006
W,30.0,D,9,,,29,,27.9999999990376,25.0,107.9999999990376
W,30.0,D,10,,,30,,30.000000000000085,16.0,110.00000000000009
W,30.0,D,11,,,29,,27.999999999996504,16.0,107.9999999999965
W,30.0,D,12,,,30,,29.9990596299062,19.0,109.9990596299062
W,30.0,D,13,,,28,,25.99999999979211,17.0,105.99999999979211
W,30.0,D,14,,,31,,31.999435778002265,15.0,111.99943577800227
W,30.0,D,15,,,29,,27.999990523237344,23.0,107.99999052323734
W,30.0,D,16,,,28,,26.00000000000007,24.0,106.00000000000007
W,30.0,D,17,,,29,,27.987906764799988,17.0,107.98790676479999
W,30.0,D,18,,,29,,27.99999999903757,16.0,107.99999999903757
W,30.0,D,19,,,28,,26.0,22.0,106.0
theta,0.1,A,0,5.0,0.0,4,,,,
theta,0.1,A,1,5.0,0.0,4,,,,
theta,0.1,A,2,5.0,0.0,4,,,,
theta,0.1,A,3,5.0,0.0,4,,,,
theta,0.1,A,4,5.0,0.0,4,,,,
theta,0.1,A,5,5.0,0.0,4,,,,
theta,0.1,A,6,5.0,0.0,4,,,,
theta,0.1,A,7,5.0,0.0,4,,,,
theta,0.1,A,8,5.0,0.0,4,,,,
theta,0.1,A,9,5.0,0.0,4,,,,
theta,0.1,A,10,5.0,0.0,4,,,,
theta,0.1,A,11,5.0,0.0,4,,,,
theta,0.1,A,12,5.0,0.0,4,,,,
theta,0.1,A,13,5.0,0.0,4,,,,
theta,0.1,A,14,5.0,0.0,4,,,,
theta,0.1,A,15,5.0,0.0,4,,,,
theta,0.1,A,16,5.0,0.0,4,,,,
theta,0.1,A,17,5.0,0.0,4,,,,
theta,0.1,A,18,5.0,0.0,4,,,,
theta,0.1,A,19,5.0,0.0,4,,,,
theta,0.1,B,0,,,22,0.4,,,
theta,0.1,B,1,,,21,0.35,,,
theta,0.1,B,2,,,23,0.45,,,
theta,0.1,B,3,,,23,0.45,,,
theta,0.1,B,4,,,22,0.45,,,
theta,0.1,B,5,,,19,0.325,,,
theta,0.1,B,6,,,24,0.425,,,
theta,0.1,B,7,,,21,0.4,,,
theta,0.1,B,8,,,27,0.475,,,
theta,0.1,B,9,,,21,0.4,,,
theta,0.1,B,10,,,19,0.375,,,
theta,0.1,B,11,,,22,0.425,,,
theta,0.1,B,12,,,21,0.4,,,
theta,0.1,B,13,,,19,0.375,,,
theta,0.1,B,14,,,19,0.4,,,
theta,0.1,B,15,,,22,0.45,,,
theta,0.1,B,16,,,16,0.325,,,
theta,0.1,B,17,,,22,0.4,,,
theta,0.1,B,18,,,21,0.4,,,
theta,0.1,B,19,,,21,0.425,,,
theta,0.1,C,0,,,18,,5.999999999999972,15.0,85.99999999999997
theta,0.1,C,1,,,18,,5.999999999999972,15.0,85.99999999999997
theta,0.1,C,2,,,18,,5.999999999999972,15.0,85.99999999999997
theta,0.1,C,3,,,18,,5.999999999999972,15.0,85.99999999999997
theta,0.1,C,4,,,18,,5.999999999999972,15.0,85.99999999999997
theta,0.1,C,5,,,18,,5.999999999999972,15.0,85.99999999999997
theta,0.1,C,6,,,18,,5.999999999999972,15.0,85.99999999999997
theta,0.1,C,7,,,18,,5.999999999999972,15.0,85.99999999999997
theta,0.1,C,8,,,18,,5.999999999999972,15.0,85.99999999999997
theta,0.1,C,9,,,18,,5.999999999999972,15.0,85.99999999999997
theta,0.1,C,10,,,18,,5.999999999999972,15.0,85.99999999999997
theta,0.1,C,11,,,18,,5.999999999999972,15.0,85.99999999999997
theta,0.1,C,12,,,18,,5.999999999999972,15.0,85.99999999999997
theta,0.1,C,13,,,18,,5.999999999999972,15.0,85.99999999999997
theta,0.1,C,14,,,18,,5.999999999999972,15.0,85.99999999999997
theta,0.1,C,15,,,18,,5.999999999999972,15.0,85.99999999999997
theta,0.1,C,16,,,18,,5.999999999999972,15.0,85.99999999999997
theta,0.1,C,17,,,18,,5.999999999999972,15.0,85.99999999999997
theta,0.1,C,18,,,18,,5.999999999999972,15.0,85.99999999999997
theta,0.1,C,19,,,18,,5.999999999999972,15.0,85.99999999999997
theta,0.1,D,0,,,31,,31.999999840820777,18.0,111.99999984082078
theta,0.1,D,1,,,24,,17.272738371143433,125.0,97.27273837114343
theta,0.1,D,2,,,29,,27.997387124207606,26.0,107.9973871242076
theta,0.1,D,3,,,29,,27.97927833457976,60.0,107.97927833457976
theta,0.1,D,4,,,31,,31.99272889543741,20.0,111.99272889543741
theta,0.1,D,5,,,32,,33.999997855911204,32.0,113.9999978559112
theta,0.1,D,6,,,33,,35.99738207962929,20.0,115.99738207962929
theta,0.1,D,7,,,28,,25.966406943085587,51.0,105.96640694308559
theta,0.1,D,8,,,31,,31.999999997326285,20.0,111.99999999732628
theta,0.1,D,9,,,30,,29.567984184558682,28.0,109.56798418455868
theta,0.1,D,10,,,32,,33.279999899692456,41.0,113.27999989969246
theta,0.1,D,11,,,29,,27.99564074481114,81.0,107.99564074481114
theta,0.1,D,12,,,32,,33.998853002016546,21.0,113.99885300201655
theta,0.1,D,13,,,23,,15.998431488321629,92.0,95.99843148832163
theta,0.1,D,14,,,33,,35.99943577800232,18.0,115.99943577800232
theta,0.1,D,15,,,29,,27.992734582117222,43.0,107.99273458211722
theta,0.1,D,16,,,27,,23.999999999999943,45.0,103.99999999999994
theta,0.1,D,17,,,31,,31.987903352956323,27.0,111.98790335295632
theta,0.1,D,18,,,30,,29.987703644678817,40.0,109.98770364467882
theta,0.1,D,19,,,27,,23.999661432402704,55.0,103.9996614324027
theta,0.2,A,0,4.0,0.0,3,,,,
theta,0.2,A,1,4.0,0.0,3,,,,
theta,0.2,A,2,4.0,0.0,3,,,,
theta,0.2,A,3,4.0,0.0,3,,,,
theta,0.2,A,4,4.0,0.0,3,,,,
theta,0.2,A,5,4.0,0.0,3,,,,
theta,0.2,A,6,4.0,0.0,3,,,,
theta,0.2,A,7,4.0,0.0,3,,,,
theta,0.2,A,8,4.0,0.0,3,,,,
theta,0.2,A,9,4.0,0.0,3,,,,
theta,0.2,A,10,4.0,0.0,3,,,,
theta,0.2,A,11,4.0,0.0,3,,,,
theta,0.2,A,12,4.0,0.0,3,,,,
theta,0.2,A,13,4.0,0.0,3,,,,
theta,0.2,A,14,4.0,0.0,3,,,,
theta,0.2,A,15,4.0,0.0,3,,,,
theta,0.2,A,16,4.0,0.0,3,,,,
theta,0.2,A,17,4.0,0.0,3,,,,
theta,0.2,A,18,4.0,0.0,3,,,,
theta,0.2,A,19,4.0,0.0,3,,,,
theta,0.2,B,0,,,19,0.35,,,
theta,0.2,B,1,,,18,0.325,,,
theta,0.2,B,2,,,16,0.3,,,
theta,0.2,B,3,,,19,0.4,,,
theta,0.2,B,4,,,20,0.4,,,
theta,0.2,B,5,,,17,0.3,,,
theta,0.2,B,6,,,20,0.35,,,
theta,0.2,B,7,,,18,0.35,,,
theta,0.2,B,8,,,21,0.375,,,
theta,0.2,B,9,,,16,0.325,,,
theta,0.2,B,10,,,16,0.3,,,
theta,0.2,B,11,,,15,0.275,,,
theta,0.2,B,12,,,17,0.325,,,
theta,0.2,B,13,,,17,0.325,,,
theta,0.2,B,14,,,17,0.35,,,
theta,0.2,B,15,,,20,0.4,,,
theta,0.2,B,16,,,15,0.3,,,
theta,0.2,B,17,,,18,0.375,,,
theta,0.2,B,18,,,19,0.35,,,
theta,0.2,B,19,,,17,0.325,,,
theta,0.2,C,0,,,18,,5.999999999999972,15.0,85.99999999999997
theta,0.2,C,1,,,18,,5.999999999999972,15.0,85.99999999999997
theta,0.2,C,2,,,18,,5.999999999999972,15.0,85.99999999999997
theta,0.2,C,3,,,18,,5.999999999999972,15.0,85.99999999999997
theta,0.2,C,4,,,18,,5.999999999999972,15.0,85.99999999999997
theta,0.2,C,5,,,18,,5.999999999999972,15.0,85.99999999999997
theta,0.2,C,6,,,18,,5.999999999999972,15.0,85.99999999999997
theta,0.2,C,7,,,18,,5.999999999999972,15.0,85.99999999999997
theta,0.2,C,8,,,18,,5.999999999999972,15.0,85.99999999999997
theta,0.2,C,9,,,18,,5.999999999999972,15.0,85.99999999999997
theta,0.2,C,10,,,18,,5.999999999999972,15.0,85.99999999999997
theta,0.2,C,11,,,18,,5.999999999999972,15.0,85.99999999999997
theta,0.2,C,12,,,18,,5.999999999999972,15.0,85.99999999999997
theta,0.2,C,13,,,18,,5.999999999999972,15.0,85.99999999999997
theta,0.2,C,14,,,18,,5.999999999999972,15.0,85.99999999999997
theta,0.2,C,15,,,18,,5.999999999999972,15.0,85.99999999999997
theta,0.2,C,16,,,18,,5.999999999999972,15.0,85.99999999999997
theta,0.2,C,17,,,18,,5.999999999999972,15.0,85.99999999999997
theta,0.2,C,18,,,18,,5.999999999999972,15.0,85.99999999999997
theta,0.2,C,19,,,18,,5.999999999999972,15.0,85.99999999999997
theta,0.2,D,0,,,30,,29.999999840826646,19.0,109.99999984082665
theta,0.2,D,1,,,23,,15.272738371143518,130.0,95.27273837114352
theta,0.2,D,2,,,24,,17.997387124207506,75.0,97.9973871242075
theta,0.2,D,3,,,28,,25.979278334579732,60.0,105.97927833457973
theta,0.2,D,4,,,29,,27.992728895437438,20.0,107.99272889543744
theta,0.2,D,5,,,31,,31.999997951415267,33.0,111.99999795141527
theta,0.2,D,6,,,30,,29.997382079629276,24.0,109.99738207962928
theta,0.2,D,7,,,25,,19.966407679998582,63.0,99.96640767999858
theta,0.2,D,8,,,29,,27.999999999999687,22.0,107.99999999999969
theta,0.2,D,9,,,24,,17.567984184558767,72.0,97.56798418455877
theta,0.2,D,10,,,31,,31.279999995196377,41.0,111.27999999519638
theta,0.2,D,11,,,26,,21.99564074481117,117.0,101.99564074481117
theta,0.2,D,12,,,28,,25.94380617198567,56.0,105.94380617198567
theta,0.2,D,13,,,19,,7.9984314883216285,155.0,87.99843148832163
theta,0.2,D,14,,,31,,31.99943577800225,18.0,111.99943577800225
theta,0.2,D,15,,,28,,25.992734582117208,51.0,105.99273458211721
theta,0.2,D,16,,,26,,22.000000000000014,45.0,102.00000000000001
theta,0.2,D,17,,,30,,29.98790676459089,27.0,109.98790676459089
theta,0.2,D,18,,,26,,21.987703644678803,92.0,101.9877036446788
theta,0.2,D,19,,,20,,9.999661432402746,165.0,89.99966143240275
theta,0.3,A,0,5.0,0.0,3,,,,
theta,0.3,A,1,5.0,0.0,3,,,,
theta,0.3,A,2,5.0,0.0,3,,,,
theta,0.3,A,3,5.0,0.0,3,,,,
theta,0.3,A,4,5.0,0.0,3,,,,
theta,0.3,A,5,5.0,0.0,3,,,,
theta,0.3,A,6,5.0,0.0,3,,,,
theta,0.3,A,7,5.0,0.0,3,,,,
theta,0.3,A,8,5.0,0.0,3,,,,
theta,0.3,A,9,5.0,0.0,3,,,,
theta,0.3,A,10,5.0,0.0,3,,,,
theta,0.3,A,11,5.0,0.0,3,,,,
theta,0.3,A,12,5.0,0.0,3,,,,
theta,0.3,A,13,5.0,0.0,3,,,,
theta,0.3,A,14,5.0,0.0,3,,,,
theta,0.3,A,15,5.0,0.0,3,,,,
theta,0.3,A,16,5.0,0.0,3,,,,
theta,0.3,A,17,5.0,0.0,3,,,,
theta,0.3,A,18,5.0,0.0,3,,,,
theta,0.3,A,19,5.0,0.0,3,,,,
theta,0.3,B,0,,,17,0.325,,,
theta,0.3,B,1,,,16,0.275,,,
theta,0.3,B,2,,,13,0.25,,,
theta,0.3,B,3,,,14,0.275,,,
theta,0.3,B,4,,,17,0.325,,,
theta,0.3,B,5,,,14,0.25,,,
theta,0.3,B,6,,,19,0.325,,,
theta,0.3,B,7,,,15,0.3,,,
theta,0.3,B,8,,,18,0.3,,,
theta,0.3,B,9,,,13,0.25,,,
theta,0.3,B,10,,,15,0.275,,,
theta,0.3,B,11,,,14,0.275,,,
theta,0.3,B,12,,,14,0.25,,,
theta,0.3,B,13,,,14,0.25,,,
theta,0.3,B,14,,,16,0.325,,,
theta,0.3,B,15,,,17,0.325,,,
theta,0.3,B,16,,,14,0.275,,,
theta,0.3,B,17,,,14,0.3,,,
theta,0.3,B,18,,,16,0.3,,,
theta,0.3,B,19,,,15,0.275,,,
theta,0.3,C,0,,,18,,5.999999999999972,15.0,85.99999999999997
theta,0.3,C,1,,,18,,5.999999999999972,15.0,85.99999999999997
theta,0.3,C,2,,,18,,5.999999999999972,15.0,85.99999999999997
theta,0.3,C,3,,,18,,5.999999999999972,15.0,85.99999999999997
theta,0.3,C,4,,,18,,5.999999999999972,15.0,85.99999999999997
theta,0.3,C,5,,,18,,5.999999999999972,15.0,85.99999999999997
theta,0.3,C,6,,,18,,5.999999999999972,15.0,85.99999999999997
theta,0.3,C,7,,,18,,5.999999999999972,15.0,85.99999999999997
theta,0.3,C,8,,,18,,5.999999999999972,15.0,85.99999999999997
theta,0.3,C,9,,,18,,5.999999999999972,15.0,85.99999999999997
theta,0.3,C,10,,,18,,5.999999999999972,15.0,85.99999999999997
theta,0.3,C,11,,,18,,5.999999999999972,15.0,85.99999999999997
theta,0.3,C,12,,,18,,5.999999999999972,15.0,85.99999999999997
theta,0.3,C,13,,,18,,5.999999999999972,15.0,85.99999999999997
theta,0.3,C,14,,,18,,5.999999999999972,15.0,85.99999999999997
theta,0.3,C,15,,,18,,5.999999999999972,15.0,85.99999999999997
theta,0.3,C,16,,,18,,5.999999999999972,15.0,85.99999999999997
theta,0.3,C,17,,,18,,5.999999999999972,15.0,85.99999999999997
theta,0.3,C,18,,,18,,5.999999999999972,15.0,85.99999999999997
theta,0.3,C,19,,,18,,5.999999999999972,15.0,85.99999999999997
theta,0.3,D,0,,,29,,27.99999984082666,19.0,107.99999984082666
theta,0.3,D,1,,,24,,17.272738371143447,134.0,97.27273837114345
theta,0.3,D,2,,,24,,17.997387124207393,86.0,97.99738712420739
theta,0.3,D,3,,,26,,21.979278334579817,63.0,101.97927833457982
theta,0.3,D,4,,,29,,27.992728895437438,45.0,107.99272889543744
theta,0.3,D,5,,,24,,17.999997855910962,129.0,97.99999785591096
theta,0.3,D,6,,,25,,19.997382079629247,94.0,99.99738207962925
theta,0.3,D,7,,,24,,17.96640767999861,70.0,97.96640767999861
theta,0.3,D,8,,,26,,21.99999999732627,68.0,101.99999999732627
theta,0.3,D,9,,,20,,9.567984184558796,172.0,89.5679841845588
theta,0.3,D,10,,,30,,29.279999904149534,41.0,109.27999990414953
theta,0.3,D,11,,,25,,19.999994309483014,118.0,99.99999430948301
theta,0.3,D,12,,,24,,17.943806171985642,120.0,97.94380617198564
theta,0.3,D,13,,,18,,5.998431488321614,165.0,85.99843148832161
theta,0.3,D,14,,,27,,23.99942630123951,79.0,103.99942630123951
theta,0.3,D,15,,,27,,23.992734582117222,51.0,103.99273458211722
theta,0.3,D,16,,,25,,20.000000000000014,46.0,100.00000000000001
theta,0.3,D,17,,,27,,23.987903352956295,68.0,103.9879033529563
theta,0.3,D,18,,,24,,17.987703644678717,94.0,97.98770364467872
theta,0.3,D,19,,,22,,13.999661432402704,128.0,93.9996614324027
theta,0.5,A,0,3.0,0.0,1,,,,
theta,0.5,A,1,3.0,0.0,1,,,,
theta,0.5,A,2,3.0,0.0,1,,,,
theta,0.5,A,3,3.0,0.0,1,,,,
theta,0.5,A,4,3.0,0.0,1,,,,
theta,0.5,A,5,3.0,0.0,1,,,,
theta,0.5,A,6,3.0,0.0,1,,,,
theta,0.5,A,7,3.0,0.0,1,,,,
theta,0.5,A,8,3.0,0.0,1,,,,
theta,0.5,A,9,3.0,0.0,1,,,,
theta,0.5,A,10,3.0,0.0,1,,,,
theta,0.5,A,11,3.0,0.0,1,,,,
theta,0.5,A,12,3.0,0.0,1,,,,
theta,0.5,A,13,3.0,0.0,1,,,,
theta,0.5,A,14,3.0,0.0,1,,,,
theta,0.5,A,15,3.0,0.0,1,,,,
theta,0.5,A,16,3.0,0.0,1,,,,
theta,0.5,A,17,3.0,0.0,1,,,,
theta,0.5,A,18,3.0,0.0,1,,,,
theta,0.5,A,19,3.0,0.0,1,,,,
theta,0.5,B,0,,,11,0.2,,,
theta,0.5,B,1,,,8,0.15,,,
theta,0.5,B,2,,,9,0.15,,,
theta,0.5,B,3,,,9,0.175,,,
theta,0.5,B,4,,,13,0.225,,,
theta,0.5,B,5,,,10,0.175,,,
theta,0.5,B,6,,,13,0.225,,,
theta,0.5,B,7,,,13,0.25,,,
theta,0.5,B,8,,,12,0.225,,,
theta,0.5,B,9,,,8,0.125,,,
theta,0.5,B,10,,,10,0.175,,,
theta,0.5,B,11,,,9,0.175,,,
theta,0.5,B,12,,,10,0.15,,,
theta,0.5,B,13,,,11,0.2,,,
theta,0.5,B,14,,,13,0.25,,,
theta,0.5,B,15,,,15,0.275,,,
theta,0.5,B,16,,,13,0.25,,,
theta,0.5,B,17,,,8,0.15,,,
theta,0.5,B,18,,,12,0.2,,,
theta,0.5,B,19,,,9,0.175,,,
theta,0.5,C,0,,,18,,5.999999999999972,15.0,85.99999999999997
theta,0.5,C,1,,,18,,5.999999999999972,15.0,85.99999999999997
theta,0.5,C,2,,,18,,5.999999999999972,15.0,85.99999999999997
theta,0.5,C,3,,,18,,5.999999999999972,15.0,85.99999999999997
theta,0.5,C,4,,,18,,5.999999999999972,15.0,85.99999999999997
theta,0.5,C,5,,,18,,5.999999999999972,15.0,85.99999999999997
theta,0.5,C,6,,,18,,5.999999999999972,15.0,85.99999999999997
theta,0.5,C,7,,,18,,5.999999999999972,15.0,85.99999999999997
theta,0.5,C,8,,,18,,5.999999999999972,15.0,85.99999999999997
theta,0.5,C,9,,,18,,5.999999999999972,15.0,85.99999999999997
theta,0.5,C,10,,,18,,5.999999999999972,15.0,85.99999999999997
theta,0.5,C,11,,,18,,5.999999999999972,15.0,85.99999999999997
theta,0.5,C,12,,,18,,5.999999999999972,15.0,85.99999999999997
theta,0.5,C,13,,,18,,5.999999999999972,15.0,85.99999999999997
theta,0.5,C,14,,,18,,5.999999999999972,15.0,85.99999999999997
theta,0.5,C,15,,,18,,5.999999999999972,15.0,85.99999999999997
theta,0.5,C,16,,,18,,5.999999999999972,15.0,85.99999999999997
theta,0.5,C,17,,,18,,5.999999999999972,15.0,85.99999999999997
theta,0.5,C,18,,,18,,5.999999999999972,15.0,85.99999999999997
theta,0.5,C,19,,,18,,5.999999999999972,15.0,85.99999999999997
theta,0.5,D,0,,,24,,17.999999840826746,105.0,97.99999984082675
theta,0.5,D,1,,,19,,7.272738371143447,203.0,87.27273837114345
theta,0.5,D,2,,,21,,11.99738712420752,157.0,91.99738712420752
theta,0.5,D,3,,,20,,9.979278334579732,180.0,89.97927833457973
theta,0.5,D,4,,,21,,11.992728895437338,172.0,91.99272889543734
theta,0.5,D,5,,,21,,11.999997855911005,150.0,91.999997855911
theta,0.5,D,6,,,21,,11.997382079629219,154.0,91.99738207962922
theta,0.5,D,7,,,20,,9.966407679998625,119.0,89.96640767999862
theta,0.5,D,8,,,24,,17.999999997326213,95.0,97.99999999732621
theta,0.5,D,9,,,19,,7.567984184558767,173.0,87.56798418455877
theta,0.5,D,10,,,23,,15.740799899692462,138.0,95.74079989969246
theta,0.5,D,11,,,16,,1.9956407372168314,225.0,81.99564073721683
theta,0.5,D,12,,,22,,13.943806171985713,136.0,93.94380617198571
theta,0.5,D,13,,,3,,24.00000000020794,250.0,55.99999999979206
theta,0.5,D,14,,,22,,13.906114301239697,154.0,93.9061143012397
theta,0.5,D,15,,,17,,3.992734582117052,191.0,83.99273458211705
theta,0.5,D,16,,,19,,8.0,140.0,88.0
theta,0.5,D,17,,,23,,15.987903352956238,126.0,95.98790335295624
theta,0.5,D,18,,,24,,17.987703644678618,110.0,97.98770364467862
theta,0.5,D,19,,,8,,14.007594916483711,250.0,65.99240508351629
theta,0.7,A,0,0.0,1.0,0,,,,
theta,0.7,A,1,0.0,1.0,0,,,,
theta,0.7,A,2,0.0,1.0,0,,,,
theta,0.7,A,3,0.0,1.0,0,,,,
theta,0.7,A,4,0.0,1.0,0,,,,
theta,0.7,A,5,0.0,1.0,0,,,,
theta,0.7,A,6,0.0,1.0,0,,,,
theta,0.7,A,7,0.0,1.0,0,,,,
theta,0.7,A,8,0.0,1.0,0,,,,
theta,0.7,A,9,0.0,1.0,0,,,,
theta,0.7,A,10,0.0,1.0,0,,,,
theta,0.7,A,11,0.0,1.0,0,,,,
theta,0.7,A,12,0.0,1.0,0,,,,
theta,0.7,A,13,0.0,1.0,0,,,,
theta,0.7,A,14,0.0,1.0,0,,,,
theta,0.7,A,15,0.0,1.0,0,,,,
theta,0.7,A,16,0.0,1.0,0,,,,
theta,0.7,A,17,0.0,1.0,0,,,,
theta,0.7,A,18,0.0,1.0,0,,,,
theta,0.7,A,19,0.0,1.0,0,,,,
theta,0.7,B,0,,,9,0.175,,,
theta,0.7,B,1,,,7,0.125,,,
theta,0.7,B,2,,,7,0.125,,,
theta,0.7,B,3,,,7,0.125,,,
theta,0.7,B,4,,,7,0.125,,,
theta,0.7,B,5,,,7,0.125,,,
theta,0.7,B,6,,,10,0.175,,,
theta,0.7,B,7,,,11,0.225,,,
theta,0.7,B,8,,,7,0.125,,,
theta,0.7,B,9,,,6,0.1,,,
theta,0.7,B,10,,,8,0.125,,,
theta,0.7,B,11,,,7,0.125,,,
theta,0.7,B,12,,,8,0.125,,,
theta,0.7,B,13,,,9,0.15,,,
theta,0.7,B,14,,,9,0.15,,,
theta,0.7,B,15,,,11,0.2,,,
theta,0.7,B,16,,,10,0.175,,,
theta,0.7,B,17,,,5,0.1,,,
theta,0.7,B,18,,,9,0.125,,,
theta,0.7,B,19,,,8,0.15,,,
theta,0.7,C,0,,,18,,5.999999999999972,15.0,85.99999999999997
theta,0.7,C,1,,,18,,5.999999999999972,15.0,85.99999999999997
theta,0.7,C,2,,,18,,5.999999999999972,15.0,85.99999999999997
theta,0.7,C,3,,,18,,5.999999999999972,15.0,85.99999999999997
theta,0.7,C,4,,,18,,5.999999999999972,15.0,85.99999999999997
theta,0.7,C,5,,,18,,5.999999999999972,15.0,85.99999999999997
theta,0.7,C,6,,,18,,5.999999999999972,15.0,85.99999999999997
theta,0.7,C,7,,,18,,5.999999999999972,15.0,85.99999999999997
theta,0.7,C,8,,,18,,5.999999999999972,15.0,85.99999999999997
theta,0.7,C,9,,,18,,5.999999999999972,15.0,85.99999999999997
theta,0.7,C,10,,,18,,5.999999999999972,15.0,85.99999999999997
theta,0.7,C,11,,,18,,5.999999999999972,15.0,85.99999999999997
theta,0.7,C,12,,,18,,5.999999999999972,15.0,85.99999999999997
theta,0.7,C,13,,,18,,5.999999999999972,15.0,85.99999999999997
theta,0.7,C,14,,,18,,5.999999999999972,15.0,85.99999999999997
theta,0.7,C,15,,,18,,5.999999999999972,15.0,85.99999999999997
theta,0.7,C,16,,,18,,5.999999999999972,15.0,85.99999999999997
theta,0.7,C,17,,,18,,5.999999999999972,15.0,85.99999999999997
theta,0.7,C,18,,,18,,5.999999999999972,15.0,85.99999999999997
theta,0.7,C,19,,,18,,5.999999999999972,15.0,85.99999999999997
theta,0.7,D,0,,,23,,15.999999840826732,123.0,95.99999984082673
theta,0.7,D,1,,,17,,3.2727333934161464,226.0,83.27273339341615
theta,0.7,D,2,,,14,,2.0026486768958875,250.0,77.99735132310411
theta,0.7,D,3,,,4,,22.020719613981548,250.0,57.97928038601845
theta,0.7,D,4,,,23,,15.99272889540724,128.0,95.99272889540724
theta,0.7,D,5,,,18,,5.999997855911246,180.0,85.99999785591125
theta,0.7,D,6,,,19,,7.997381902312128,213.0,87.99738190231213
theta,0.7,D,7,,,16,,1.9664076797445915,205.0,81.96640767974459
theta,0.7,D,8,,,23,,15.999999999999673,95.0,95.99999999999967
theta,0.7,D,9,,,18,,5.567984127256494,214.0,85.5679841272565
theta,0.7,D,10,,,22,,13.74079990414836,138.0,93.74079990414836
theta,0.7,D,11,,,11,,8.00000569811121,250.0,71.99999430188879
theta,0.7,D,12,,,21,,11.943806267489606,145.0,91.9438062674896
theta,0.7,D,13,,,2,,26.00000000020792,250.0,53.99999999979208
theta,0.7,D,14,,,20,,9.906114301239569,187.0,89.90611430123957
theta,0.7,D,15,,,7,,16.007265417882707,250.0,63.99273458211729
theta,0.7,D,16,,,2,,26.000000000000057,250.0,53.99999999999994
theta,0.7,D,17,,,19,,7.987903352937437,197.0,87.98790335293744
theta,0.7,D,18,,,13,,4.045888676283852,250.0,75.95411132371615
theta,0.7,D,19,,,5,,20.000000000026994,250.0,59.99999999997301
theta,1.0,A,0,0.0,1.0,0,,,,
theta,1.0,A,1,0.0,1.0,0,,,,
theta,1.0,A,2,0.0,1.0,0,,,,
theta,1.0,A,3,0.0,1.0,0,,,,
theta,1.0,A,4,0.0,1.0,0,,,,
theta,1.0,A,5,0.0,1.0,0,,,,
theta,1.0,A,6,0.0,1.0,0,,,,
theta,1.0,A,7,0.0,1.0,0,,,,
theta,1.0,A,8,0.0,1.0,0,,,,
theta,1.0,A,9,0.0,1.0,0,,,,
theta,1.0,A,10,0.0,1.0,0,,,,
theta,1.0,A,11,0.0,1.0,0,,,,
theta,1.0,A,12,0.0,1.0,0,,,,
theta,1.0,A,13,0.0,1.0,0,,,,
theta,1.0,A,14,0.0,1.0,0,,,,
theta,1.0,A,15,0.0,1.0,0,,,,
theta,1.0,A,16,0.0,1.0,0,,,,
theta,1.0,A,17,0.0,1.0,0,,,,
theta,1.0,A,18,0.0,1.0,0,,,,
theta,1.0,A,19,0.0,1.0,0,,,,
theta,1.0,B,0,,,7,0.125,,,
theta,1.0,B,1,,,2,0.05,,,
theta,1.0,B,2,,,4,0.05,,,
theta,1.0,B,3,,,5,0.1,,,
theta,1.0,B,4,,,4,0.05,,,
theta,1.0,B,5,,,3,0.025,,,
theta,1.0,B,6,,,5,0.075,,,
theta,1.0,B,7,,,6,0.1,,,
theta,1.0,B,8,,,2,0.025,,,
theta,1.0,B,9,,,5,0.075,,,
theta,1.0,B,10,,,5,0.075,,,
theta,1.0,B,11,,,3,0.025,,,
theta,1.0,B,12,,,3,0.05,,,
theta,1.0,B,13,,,5,0.075,,,
theta,1.0,B,14,,,6,0.075,,,
theta,1.0,B,15,,,6,0.1,,,
theta,1.0,B,16,,,6,0.075,,,
theta,1.0,B,17,,,2,0.025,,,
theta,1.0,B,18,,,5,0.05,,,
theta,1.0,B,19,,,3,0.05,,,
theta,1.0,C,0,,,1,,28.00000000000002,300.0,51.99999999999998
theta,1.0,C,1,,,1,,28.00000000000002,300.0,51.99999999999998
theta,1.0,C,2,,,1,,28.00000000000002,300.0,51.99999999999998
theta,1.0,C,3,,,1,,28.00000000000002,300.0,51.99999999999998
theta,1.0,C,4,,,1,,28.00000000000002,300.0,51.99999999999998
theta,1.0,C,5,,,1,,28.00000000000002,300.0,51.99999999999998
theta,1.0,C,6,,,1,,28.00000000000002,300.0,51.99999999999998
theta,1.0,C,7,,,1,,28.00000000000002,300.0,51.99999999999998
theta,1.0,C,8,,,1,,28.00000000000002,300.0,51.99999999999998
theta,1.0,C,9,,,1,,28.00000000000002,300.0,51.99999999999998
theta,1.0,C,10,,,1,,28.00000000000002,300.0,51.99999999999998
theta,1.0,C,11,,,1,,28.00000000000002,300.0,51.99999999999998
theta,1.0,C,12,,,1,,28.00000000000002,300.0,51.99999999999998
theta,1.0,C,13,,,1,,28.00000000000002,300.0,51.99999999999998
theta,1.0,C,14,,,1,,28.00000000000002,300.0,51.99999999999998
theta,1.0,C,15,,,1,,28.00000000000002,300.0,51.99999999999998
theta,1.0,C,16,,,1,,28.00000000000002,300.0,51.99999999999998
theta,1.0,C,17,,,1,,28.00000000000002,300.0,51.99999999999998
theta,1.0,C,18,,,1,,28.00000000000002,300.0,51.99999999999998
theta,1.0,C,19,,,1,,28.00000000000002,300.0,51.99999999999998
theta,1.0,D,0,,,17,,3.740799840826682,189.0,83.74079984082668
theta,1.0,D,1,,,2,,26.000000001604135,250.0,53.999999998395865
theta,1.0,D,2,,,14,,2.00269255079715,250.0,77.99730744920285
theta,1.0,D,3,,,3,,24.020155392000056,250.0,55.979844607999944
theta,1.0,D,4,,,2,,26.00000947676272,250.0,53.99999052323728
theta,1.0,D,5,,,3,,24.000000000000036,250.0,55.999999999999964
theta,1.0,D,6,,,0,,30.0,250.0,50.0
theta,1.0,D,7,,,3,,24.00000000000128,250.0,55.99999999999872
theta,1.0,D,8,,,19,,7.999999999999687,122.0,87.99999999999969
theta,1.0,D,9,,,2,,26.000000000000043,250.0,53.99999999999996
theta,1.0,D,10,,,15,,2.1792003655949372,250.0,77.82079963440506
theta,1.0,D,11,,,1,,28.00000000000002,250.0,51.99999999999998
theta,1.0,D,12,,,2,,26.000000000000043,250.0,53.99999999999996
theta,1.0,D,13,,,1,,28.000000000207905,250.0,51.999999999792095
theta,1.0,D,14,,,7,,16.000564222042563,250.0,63.99943577795744
theta,1.0,D,15,,,1,,28.00000000000002,250.0,51.99999999999998
theta,1.0,D,16,,,1,,28.00000000000002,250.0,51.99999999999998
theta,1.0,D,17,,,14,,2.1054052379919312,250.0,77.89459476200807
theta,1.0,D,18,,,2,,26.000000000000043,250.0,53.99999999999996
theta,1.0,D,19,,,1,,28.00000000000002,250.0,51.99999999999998
theta,1.5,A,0,0.0,1.0,0,,,,
theta,1.5,A,1,0.0,1.0,0,,,,
theta,1.5,A,2,0.0,1.0,0,,,,
theta,1.5,A,3,0.0,1.0,0,,,,
theta,1.5,A,4,0.0,1.0,0,,,,
theta,1.5,A,5,0.0,1.0,0,,,,
theta,1.5,A,6,0.0,1.0,0,,,,
theta,1.5,A,7,0.0,1.0,0,,,,
theta,1.5,A,8,0.0,1.0,0,,,,
theta,1.5,A,9,0.0,1.0,0,,,,
theta,1.5,A,10,0.0,1.0,0,,,,
theta,1.5,A,11,0.0,1.0,0,,,,
theta,1.5,A,12,0.0,1.0,0,,,,
theta,1.5,A,13,0.0,1.0,0,,,,
theta,1.5,A,14,0.0,1.0,0,,,,
theta,1.5,A,15,0.0,1.0,0,,,,
theta,1.5,A,16,0.0,1.0,0,,,,
theta,1.5,A,17,0.0,1.0,0,,,,
theta,1.5,A,18,0.0,1.0,0,,,,
theta,1.5,A,19,0.0,1.0,0,,,,
theta,1.5,B,0,,,2,0.025,,,
theta,1.5,B,1,,,0,0.0,,,
theta,1.5,B,2,,,2,0.025,,,
theta,1.5,B,3,,,0,0.0,,,
theta,1.5,B,4,,,2,0.025,,,
theta,1.5,B,5,,,3,0.025,,,
theta,1.5,B,6,,,0,0.0,,,
theta,1.5,B,7,,,3,0.05,,,
theta,1.5,B,8,,,1,0.0,,,
theta,1.5,B,9,,,2,0.025,,,
theta,1.5,B,10,,,2,0.025,,,
theta,1.5,B,11,,,1,0.0,,,
theta,1.5,B,12,,,1,0.0,,,
theta,1.5,B,13,,,2,0.0,,,
theta,1.5,B,14,,,2,0.025,,,
theta,1.5,B,15,,,3,0.05,,,
theta,1.5,B,16,,,2,0.0,,,
theta,1.5,B,17,,,2,0.025,,,
theta,1.5,B,18,,,3,0.025,,,
theta,1.5,B,19,,,2,0.025,,,
theta,1.5,C,0,,,0,,30.0,300.0,50.0
theta,1.5,C,1,,,0,,30.0,300.0,50.0
theta,1.5,C,2,,,0,,30.0,300.0,50.0
theta,1.5,C,3,,,0,,30.0,300.0,50.0
theta,1.5,C,4,,,0,,30.0,300.0,50.0
theta,1.5,C,5,,,0,,30.0,300.0,50.0
theta,1.5,C,6,,,0,,30.0,300.0,50.0
theta,1.5,C,7,,,0,,30.0,300.0,50.0
theta,1.5,C,8,,,0,,30.0,300.0,50.0
theta,1.5,C,9,,,0,,30.0,300.0,50.0
theta,1.5,C,10,,,0,,30.0,300.0,50.0
theta,1.5,C,11,,,0,,30.0,300.0,50.0
theta,1.5,C,12,,,0,,30.0,300.0,50.0
theta,1.5,C,13,,,0,,30.0,300.0,50.0
theta,1.5,C,14,,,0,,30.0,300.0,50.0
theta,1.5,C,15,,,0,,30.0,300.0,50.0
theta,1.5,C,16,,,0,,30.0,300.0,50.0
theta,1.5,C,17,,,0,,30.0,300.0,50.0
theta,1.5,C,18,,,0,,30.0,300.0,50.0
theta,1.5,C,19,,,0,,30.0,300.0,50.0
theta,1.5,D,0,,,1,,28.00000000000002,250.0,51.99999999999998
theta,1.5,D,1,,,1,,28.00000000000002,250.0,51.99999999999998
theta,1.5,D,2,,,2,,26.00000000000005,250.0,53.99999999999995
theta,1.5,D,3,,,2,,26.000000000000043,250.0,53.99999999999996
theta,1.5,D,4,,,0,,30.0,250.0,50.0
theta,1.5,D,5,,,1,,28.00000000000002,250.0,51.99999999999998
theta,1.5,D,6,,,0,,30.0,250.0,50.0
theta,1.5,D,7,,,1,,28.00000000000002,250.0,51.99999999999998
theta,1.5,D,8,,,2,,26.000000000000043,250.0,53.99999999999996
theta,1.5,D,9,,,0,,30.0,250.0,50.0
theta,1.5,D,10,,,0,,30.0,250.0,50.0
theta,1.5,D,11,,,1,,28.00000000000002,250.0,51.99999999999998
theta,1.5,D,12,,,2,,26.000000000000043,250.0,53.99999999999996
theta,1.5,D,13,,,1,,28.000000000207905,250.0,51.999999999792095
theta,1.5,D,14,,,1,,28.00000000000002,250.0,51.99999999999998
theta,1.5,D,15,,,0,,30.0,250.0,50.0
theta,1.5,D,16,,,0,,30.0,250.0,50.0
theta,1.5,D,17,,,1,,28.00000000000002,250.0,51.99999999999998
theta,1.5,D,18,,,1,,28.00000000000002,250.0,51.99999999999998
theta,1.5,D,19,,,0,,30.0,250.0,50.0
